{"G1_valid_rates": [0.9754940711462451, 0.9673333333333334, 0.9356666666666666, 0.7533333333333333, 0.5643333333333334, 0.48483316481294236, 0.3640836408364084, 0.3419354838709677, 0.4], "G1_sp_rates": [0.9391304347826087, 0.8956666666666667, 0.7886666666666666, 0.529, 0.2763333333333333, 0.1198179979777553, 0.03936039360393604, 0.025806451612903226, 0.0], "G1_groups": [[1, 10], [10, 20], [20, 30], [30, 40], [40, 50], [50, 60], [60, 70], [70, 80], [80, 100]], "G2_valid_rates": [0.9754940711462451, 0.9673333333333334, 0.9356666666666666, 0.7533333333333333, 0.5643333333333334, 0.48483316481294236, 0.3640836408364084, 0.3419354838709677, 0.4], "G2_sp_rates": [0.9391304347826087, 0.8956666666666667, 0.7886666666666666, 0.529, 0.2763333333333333, 0.1198179979777553, 0.03936039360393604, 0.025806451612903226, 0.0], "G2_groups": [[1, 10], [10, 20], [20, 30], [30, 40], [40, 50], [50, 60], [60, 70], [70, 80], [80, 100]]}