{"G1_valid_rates": [0.974703557312253, 0.9706666666666667, 0.9583333333333334, 0.8093333333333333, 0.626, 0.5692618806875632, 0.48462484624846247, 0.4, 0.6], "G1_sp_rates": [0.9114624505928853, 0.8853333333333333, 0.793, 0.5533333333333333, 0.32766666666666666, 0.1577350859453994, 0.06273062730627306, 0.03870967741935484, 0.2], "G1_groups": [[1, 10], [10, 20], [20, 30], [30, 40], [40, 50], [50, 60], [60, 70], [70, 80], [80, 100]], "G2_valid_rates": [0.974703557312253, 0.9706666666666667, 0.9583333333333334, 0.8093333333333333, 0.626, 0.5692618806875632, 0.48462484624846247, 0.4, 0.6], "G2_sp_rates": [0.9114624505928853, 0.8853333333333333, 0.793, 0.5533333333333333, 0.32766666666666666, 0.1577350859453994, 0.06273062730627306, 0.03870967741935484, 0.2], "G2_groups": [[1, 10], [10, 20], [20, 30], [30, 40], [40, 50], [50, 60], [60, 70], [70, 80], [80, 100]]}