{"G1_valid_rates": [0.9075098814229249, 0.8863333333333333, 0.8203333333333334, 0.5773333333333334, 0.37666666666666665, 0.313953488372093, 0.27183271832718325, 0.2838709677419355, 0.4], "G1_sp_rates": [0.8142292490118577, 0.7523333333333333, 0.6206666666666667, 0.34833333333333333, 0.15433333333333332, 0.038928210313447925, 0.017220172201722016, 0.01935483870967742, 0.2], "G1_groups": [[1, 10], [10, 20], [20, 30], [30, 40], [40, 50], [50, 60], [60, 70], [70, 80], [80, 100]], "G2_valid_rates": [0.9075098814229249, 0.8863333333333333, 0.8203333333333334, 0.5773333333333334, 0.37666666666666665, 0.313953488372093, 0.27183271832718325, 0.2838709677419355, 0.4], "G2_sp_rates": [0.8142292490118577, 0.7523333333333333, 0.6206666666666667, 0.34833333333333333, 0.15433333333333332, 0.038928210313447925, 0.017220172201722016, 0.01935483870967742, 0.2], "G2_groups": [[1, 10], [10, 20], [20, 30], [30, 40], [40, 50], [50, 60], [60, 70], [70, 80], [80, 100]]}