{"G1_valid_rates": [0.7225296442687748, 0.6986666666666667, 0.6516666666666666, 0.5326666666666666, 0.37433333333333335, 0.3640040444893832, 0.4022140221402214, 0.36774193548387096, 0.6], "G1_sp_rates": [0.383399209486166, 0.4116666666666667, 0.30333333333333334, 0.19733333333333333, 0.10266666666666667, 0.0429726996966633, 0.015990159901599015, 0.025806451612903226, 0.0], "G1_groups": [[1, 10], [10, 20], [20, 30], [30, 40], [40, 50], [50, 60], [60, 70], [70, 80], [80, 100]], "G2_valid_rates": [0.7225296442687748, 0.6986666666666667, 0.6516666666666666, 0.5326666666666666, 0.37433333333333335, 0.3640040444893832, 0.4022140221402214, 0.36774193548387096, 0.6], "G2_sp_rates": [0.383399209486166, 0.4116666666666667, 0.30333333333333334, 0.19733333333333333, 0.10266666666666667, 0.0429726996966633, 0.015990159901599015, 0.025806451612903226, 0.0], "G2_groups": [[1, 10], [10, 20], [20, 30], [30, 40], [40, 50], [50, 60], [60, 70], [70, 80], [80, 100]]}