{"G1_valid_rates": [0.9786561264822135, 0.9673333333333334, 0.9563333333333334, 0.812, 0.6073333333333333, 0.538422649140546, 0.45264452644526443, 0.38064516129032255, 0.2], "G1_sp_rates": [0.9122529644268774, 0.8813333333333333, 0.7963333333333333, 0.5623333333333334, 0.33066666666666666, 0.15369059656218403, 0.056580565805658053, 0.03225806451612903, 0.0], "G1_groups": [[1, 10], [10, 20], [20, 30], [30, 40], [40, 50], [50, 60], [60, 70], [70, 80], [80, 100]], "G2_valid_rates": [0.9786561264822135, 0.9673333333333334, 0.9563333333333334, 0.812, 0.6073333333333333, 0.538422649140546, 0.45264452644526443, 0.38064516129032255, 0.2], "G2_sp_rates": [0.9122529644268774, 0.8813333333333333, 0.7963333333333333, 0.5623333333333334, 0.33066666666666666, 0.15369059656218403, 0.056580565805658053, 0.03225806451612903, 0.0], "G2_groups": [[1, 10], [10, 20], [20, 30], [30, 40], [40, 50], [50, 60], [60, 70], [70, 80], [80, 100]]}