{"G1_valid_rates": [0.9952569169960475, 0.9913333333333333, 0.9753333333333334, 0.8483333333333334, 0.6933333333333334, 0.6648129423660263, 0.5904059040590406, 0.4, 0.2], "G1_sp_rates": [0.9802371541501976, 0.9323333333333333, 0.84, 0.588, 0.316, 0.14459049544994945, 0.05043050430504305, 0.01935483870967742, 0.0], "G1_groups": [[1, 10], [10, 20], [20, 30], [30, 40], [40, 50], [50, 60], [60, 70], [70, 80], [80, 100]], "G2_valid_rates": [0.9952569169960475, 0.9913333333333333, 0.9753333333333334, 0.8483333333333334, 0.6933333333333334, 0.6648129423660263, 0.5904059040590406, 0.4, 0.2], "G2_sp_rates": [0.9802371541501976, 0.9323333333333333, 0.84, 0.588, 0.316, 0.14459049544994945, 0.05043050430504305, 0.01935483870967742, 0.0], "G2_groups": [[1, 10], [10, 20], [20, 30], [30, 40], [40, 50], [50, 60], [60, 70], [70, 80], [80, 100]]}