{"G1_valid_rates": [0.9264822134387352, 0.9293333333333333, 0.867, 0.688, 0.509, 0.4398382204246714, 0.3751537515375154, 0.25806451612903225, 0.2], "G1_sp_rates": [0.8616600790513834, 0.8303333333333334, 0.6936666666666667, 0.43666666666666665, 0.22966666666666666, 0.08139534883720931, 0.024600246002460024, 0.01935483870967742, 0.0], "G1_groups": [[1, 10], [10, 20], [20, 30], [30, 40], [40, 50], [50, 60], [60, 70], [70, 80], [80, 100]], "G2_valid_rates": [0.9264822134387352, 0.9293333333333333, 0.867, 0.688, 0.509, 0.4398382204246714, 0.3751537515375154, 0.25806451612903225, 0.2], "G2_sp_rates": [0.8616600790513834, 0.8303333333333334, 0.6936666666666667, 0.43666666666666665, 0.22966666666666666, 0.08139534883720931, 0.024600246002460024, 0.01935483870967742, 0.0], "G2_groups": [[1, 10], [10, 20], [20, 30], [30, 40], [40, 50], [50, 60], [60, 70], [70, 80], [80, 100]]}