{"G1_valid_rates": [0.9802371541501976, 0.9693333333333334, 0.9583333333333334, 0.8156666666666667, 0.6003333333333334, 0.5429726996966633, 0.4280442804428044, 0.3741935483870968, 0.2], "G1_sp_rates": [0.9209486166007905, 0.8876666666666667, 0.7983333333333333, 0.5553333333333333, 0.31933333333333336, 0.1511627906976744, 0.04920049200492005, 0.03225806451612903, 0.0], "G1_groups": [[1, 10], [10, 20], [20, 30], [30, 40], [40, 50], [50, 60], [60, 70], [70, 80], [80, 100]], "G2_valid_rates": [0.9802371541501976, 0.9693333333333334, 0.9583333333333334, 0.8156666666666667, 0.6003333333333334, 0.5429726996966633, 0.4280442804428044, 0.3741935483870968, 0.2], "G2_sp_rates": [0.9209486166007905, 0.8876666666666667, 0.7983333333333333, 0.5553333333333333, 0.31933333333333336, 0.1511627906976744, 0.04920049200492005, 0.03225806451612903, 0.0], "G2_groups": [[1, 10], [10, 20], [20, 30], [30, 40], [40, 50], [50, 60], [60, 70], [70, 80], [80, 100]]}