{"G1_valid_rates": [0.9407114624505929, 0.9763333333333334, 0.937, 0.738, 0.49133333333333334, 0.3700707785642063, 0.2521525215252153, 0.2709677419354839, 0.0], "G1_sp_rates": [0.9051383399209486, 0.9206666666666666, 0.8086666666666666, 0.5206666666666667, 0.25166666666666665, 0.09706774519716886, 0.038130381303813035, 0.025806451612903226, 0.0], "G1_groups": [[1, 10], [10, 20], [20, 30], [30, 40], [40, 50], [50, 60], [60, 70], [70, 80], [80, 100]], "G2_valid_rates": [0.9407114624505929, 0.9763333333333334, 0.937, 0.738, 0.49133333333333334, 0.3700707785642063, 0.2521525215252153, 0.2709677419354839, 0.0], "G2_sp_rates": [0.9051383399209486, 0.9206666666666666, 0.8086666666666666, 0.5206666666666667, 0.25166666666666665, 0.09706774519716886, 0.038130381303813035, 0.025806451612903226, 0.0], "G2_groups": [[1, 10], [10, 20], [20, 30], [30, 40], [40, 50], [50, 60], [60, 70], [70, 80], [80, 100]]}