{"G1_valid_rates": [0.9320158102766798, 0.931, 0.8756666666666667, 0.6886666666666666, 0.47533333333333333, 0.38169868554095043, 0.3111931119311193, 0.25806451612903225, 0.2], "G1_sp_rates": [0.8679841897233201, 0.8303333333333334, 0.6996666666666667, 0.4736666666666667, 0.24033333333333334, 0.10111223458038422, 0.03936039360393604, 0.03225806451612903, 0.0], "G1_groups": [[1, 10], [10, 20], [20, 30], [30, 40], [40, 50], [50, 60], [60, 70], [70, 80], [80, 100]], "G2_valid_rates": [0.9320158102766798, 0.931, 0.8756666666666667, 0.6886666666666666, 0.47533333333333333, 0.38169868554095043, 0.3111931119311193, 0.25806451612903225, 0.2], "G2_sp_rates": [0.8679841897233201, 0.8303333333333334, 0.6996666666666667, 0.4736666666666667, 0.24033333333333334, 0.10111223458038422, 0.03936039360393604, 0.03225806451612903, 0.0], "G2_groups": [[1, 10], [10, 20], [20, 30], [30, 40], [40, 50], [50, 60], [60, 70], [70, 80], [80, 100]]}