{"G1_valid_rates": [0.9826086956521739, 0.9766666666666667, 0.9506666666666667, 0.8183333333333334, 0.6343333333333333, 0.5556117290192113, 0.43050430504305043, 0.3741935483870968, 0.2], "G1_sp_rates": [0.9359683794466404, 0.9063333333333333, 0.8126666666666666, 0.5826666666666667, 0.3566666666666667, 0.17037411526794743, 0.05043050430504305, 0.03225806451612903, 0.0], "G1_groups": [[1, 10], [10, 20], [20, 30], [30, 40], [40, 50], [50, 60], [60, 70], [70, 80], [80, 100]], "G2_valid_rates": [0.9826086956521739, 0.9766666666666667, 0.9506666666666667, 0.8183333333333334, 0.6343333333333333, 0.5556117290192113, 0.43050430504305043, 0.3741935483870968, 0.2], "G2_sp_rates": [0.9359683794466404, 0.9063333333333333, 0.8126666666666666, 0.5826666666666667, 0.3566666666666667, 0.17037411526794743, 0.05043050430504305, 0.03225806451612903, 0.0], "G2_groups": [[1, 10], [10, 20], [20, 30], [30, 40], [40, 50], [50, 60], [60, 70], [70, 80], [80, 100]]}