{"G1_valid_rates": [0.9454545454545454, 0.9416666666666667, 0.921, 0.767, 0.596, 0.48230535894843274, 0.34932349323493234, 0.3419354838709677, 0.4], "G1_sp_rates": [0.899604743083004, 0.8743333333333333, 0.7813333333333333, 0.535, 0.30333333333333334, 0.14661274014155712, 0.05781057810578106, 0.04516129032258064, 0.0], "G1_groups": [[1, 10], [10, 20], [20, 30], [30, 40], [40, 50], [50, 60], [60, 70], [70, 80], [80, 100]], "G2_valid_rates": [0.9454545454545454, 0.9416666666666667, 0.921, 0.767, 0.596, 0.48230535894843274, 0.34932349323493234, 0.3419354838709677, 0.4], "G2_sp_rates": [0.899604743083004, 0.8743333333333333, 0.7813333333333333, 0.535, 0.30333333333333334, 0.14661274014155712, 0.05781057810578106, 0.04516129032258064, 0.0], "G2_groups": [[1, 10], [10, 20], [20, 30], [30, 40], [40, 50], [50, 60], [60, 70], [70, 80], [80, 100]]}