{"G1_valid_rates": [1.0, 1.0, 0.991, 0.9086666666666666, 0.777, 0.7330637007077856, 0.5781057810578106, 0.49032258064516127, 0.4], "G1_sp_rates": [0.015019762845849802, 0.03866666666666667, 0.048666666666666664, 0.05566666666666667, 0.056, 0.028311425682507583, 0.020910209102091022, 0.01935483870967742, 0.0], "G1_groups": [[1, 10], [10, 20], [20, 30], [30, 40], [40, 50], [50, 60], [60, 70], [70, 80], [80, 100]], "G2_valid_rates": [1.0, 1.0, 0.991, 0.9086666666666666, 0.777, 0.7330637007077856, 0.5781057810578106, 0.49032258064516127, 0.4], "G2_sp_rates": [0.015019762845849802, 0.03866666666666667, 0.048666666666666664, 0.05566666666666667, 0.056, 0.028311425682507583, 0.020910209102091022, 0.01935483870967742, 0.0], "G2_groups": [[1, 10], [10, 20], [20, 30], [30, 40], [40, 50], [50, 60], [60, 70], [70, 80], [80, 100]]}