{"G1_valid_rates": [0.7612648221343874, 0.7346666666666667, 0.659, 0.5316666666666666, 0.3616666666666667, 0.30990899898887764, 0.2939729397293973, 0.2903225806451613, 0.0], "G1_sp_rates": [0.4505928853754941, 0.48833333333333334, 0.35333333333333333, 0.211, 0.10666666666666667, 0.03538928210313448, 0.0036900369003690036, 0.012903225806451613, 0.0], "G1_groups": [[1, 10], [10, 20], [20, 30], [30, 40], [40, 50], [50, 60], [60, 70], [70, 80], [80, 100]], "G2_valid_rates": [0.7612648221343874, 0.7346666666666667, 0.659, 0.5316666666666666, 0.3616666666666667, 0.30990899898887764, 0.2939729397293973, 0.2903225806451613, 0.0], "G2_sp_rates": [0.4505928853754941, 0.48833333333333334, 0.35333333333333333, 0.211, 0.10666666666666667, 0.03538928210313448, 0.0036900369003690036, 0.012903225806451613, 0.0], "G2_groups": [[1, 10], [10, 20], [20, 30], [30, 40], [40, 50], [50, 60], [60, 70], [70, 80], [80, 100]]}