{"G1_valid_rates": [0.9762845849802372, 0.9793333333333333, 0.9523333333333334, 0.8266666666666667, 0.6636666666666666, 0.582912032355915, 0.4440344403444034, 0.36774193548387096, 0.0], "G1_sp_rates": [0.9430830039525692, 0.914, 0.8246666666666667, 0.582, 0.3463333333333333, 0.16582406471183014, 0.05781057810578106, 0.03870967741935484, 0.0], "G1_groups": [[1, 10], [10, 20], [20, 30], [30, 40], [40, 50], [50, 60], [60, 70], [70, 80], [80, 100]], "G2_valid_rates": [0.9762845849802372, 0.9793333333333333, 0.9523333333333334, 0.8266666666666667, 0.6636666666666666, 0.582912032355915, 0.4440344403444034, 0.36774193548387096, 0.0], "G2_sp_rates": [0.9430830039525692, 0.914, 0.8246666666666667, 0.582, 0.3463333333333333, 0.16582406471183014, 0.05781057810578106, 0.03870967741935484, 0.0], "G2_groups": [[1, 10], [10, 20], [20, 30], [30, 40], [40, 50], [50, 60], [60, 70], [70, 80], [80, 100]]}