{"G1_valid_rates": [0.9897233201581027, 0.9866666666666667, 0.965, 0.866, 0.7426666666666667, 0.749747219413549, 0.6691266912669127, 0.632258064516129, 0.2], "G1_sp_rates": [0.9723320158102767, 0.9433333333333334, 0.873, 0.6743333333333333, 0.42966666666666664, 0.2679474216380182, 0.16728167281672818, 0.10967741935483871, 0.0], "G1_groups": [[1, 10], [10, 20], [20, 30], [30, 40], [40, 50], [50, 60], [60, 70], [70, 80], [80, 100]], "G2_valid_rates": [0.9897233201581027, 0.9866666666666667, 0.965, 0.866, 0.7426666666666667, 0.749747219413549, 0.6691266912669127, 0.632258064516129, 0.2], "G2_sp_rates": [0.9723320158102767, 0.9433333333333334, 0.873, 0.6743333333333333, 0.42966666666666664, 0.2679474216380182, 0.16728167281672818, 0.10967741935483871, 0.0], "G2_groups": [[1, 10], [10, 20], [20, 30], [30, 40], [40, 50], [50, 60], [60, 70], [70, 80], [80, 100]]}