{"G1_valid_rates": [0.941501976284585, 0.9373333333333334, 0.9126666666666666, 0.7793333333333333, 0.6096666666666667, 0.5273003033367037, 0.4403444034440344, 0.3548387096774194, 0.2], "G1_sp_rates": [0.8521739130434782, 0.828, 0.736, 0.48033333333333333, 0.27166666666666667, 0.12133468149646107, 0.03075030750307503, 0.01935483870967742, 0.0], "G1_groups": [[1, 10], [10, 20], [20, 30], [30, 40], [40, 50], [50, 60], [60, 70], [70, 80], [80, 100]], "G2_valid_rates": [0.941501976284585, 0.9373333333333334, 0.9126666666666666, 0.7793333333333333, 0.6096666666666667, 0.5273003033367037, 0.4403444034440344, 0.3548387096774194, 0.2], "G2_sp_rates": [0.8521739130434782, 0.828, 0.736, 0.48033333333333333, 0.27166666666666667, 0.12133468149646107, 0.03075030750307503, 0.01935483870967742, 0.0], "G2_groups": [[1, 10], [10, 20], [20, 30], [30, 40], [40, 50], [50, 60], [60, 70], [70, 80], [80, 100]]}