{"G1_valid_rates": [0.9509881422924901, 0.95, 0.938, 0.794, 0.6146666666666667, 0.5399393326592518, 0.4354243542435424, 0.3161290322580645, 0.0], "G1_sp_rates": [0.9043478260869565, 0.8753333333333333, 0.786, 0.532, 0.31433333333333335, 0.1486349848331648, 0.05781057810578106, 0.025806451612903226, 0.0], "G1_groups": [[1, 10], [10, 20], [20, 30], [30, 40], [40, 50], [50, 60], [60, 70], [70, 80], [80, 100]], "G2_valid_rates": [0.9509881422924901, 0.95, 0.938, 0.794, 0.6146666666666667, 0.5399393326592518, 0.4354243542435424, 0.3161290322580645, 0.0], "G2_sp_rates": [0.9043478260869565, 0.8753333333333333, 0.786, 0.532, 0.31433333333333335, 0.1486349848331648, 0.05781057810578106, 0.025806451612903226, 0.0], "G2_groups": [[1, 10], [10, 20], [20, 30], [30, 40], [40, 50], [50, 60], [60, 70], [70, 80], [80, 100]]}