{"G1_valid_rates": [0.2845849802371542, 0.32133333333333336, 0.3616666666666667, 0.327, 0.287, 0.37259858442871585, 0.36654366543665434, 0.24516129032258063, 0.0], "G1_sp_rates": [0.017391304347826087, 0.062, 0.052333333333333336, 0.04666666666666667, 0.03266666666666666, 0.020222446916076844, 0.013530135301353014, 0.0064516129032258064, 0.0], "G1_groups": [[1, 10], [10, 20], [20, 30], [30, 40], [40, 50], [50, 60], [60, 70], [70, 80], [80, 100]], "G2_valid_rates": [0.2845849802371542, 0.32133333333333336, 0.3616666666666667, 0.327, 0.287, 0.37259858442871585, 0.36654366543665434, 0.24516129032258063, 0.0], "G2_sp_rates": [0.017391304347826087, 0.062, 0.052333333333333336, 0.04666666666666667, 0.03266666666666666, 0.020222446916076844, 0.013530135301353014, 0.0064516129032258064, 0.0], "G2_groups": [[1, 10], [10, 20], [20, 30], [30, 40], [40, 50], [50, 60], [60, 70], [70, 80], [80, 100]]}