{"G1_valid_rates": [0.9098814229249012, 0.92, 0.881, 0.743, 0.5903333333333334, 0.5182002022244692, 0.43419434194341944, 0.3096774193548387, 0.2], "G1_sp_rates": [0.8150197628458498, 0.8053333333333333, 0.7116666666666667, 0.4736666666666667, 0.279, 0.12335692618806876, 0.038130381303813035, 0.01935483870967742, 0.2], "G1_groups": [[1, 10], [10, 20], [20, 30], [30, 40], [40, 50], [50, 60], [60, 70], [70, 80], [80, 100]], "G2_valid_rates": [0.9098814229249012, 0.92, 0.881, 0.743, 0.5903333333333334, 0.5182002022244692, 0.43419434194341944, 0.3096774193548387, 0.2], "G2_sp_rates": [0.8150197628458498, 0.8053333333333333, 0.7116666666666667, 0.4736666666666667, 0.279, 0.12335692618806876, 0.038130381303813035, 0.01935483870967742, 0.2], "G2_groups": [[1, 10], [10, 20], [20, 30], [30, 40], [40, 50], [50, 60], [60, 70], [70, 80], [80, 100]]}