{"G1_valid_rates": [0.9604743083003953, 0.9613333333333334, 0.942, 0.805, 0.6176666666666667, 0.537917087967644, 0.4108241082410824, 0.32903225806451614, 0.0], "G1_sp_rates": [0.9090909090909091, 0.8836666666666667, 0.7846666666666666, 0.5466666666666666, 0.322, 0.14914054600606674, 0.05412054120541206, 0.03225806451612903, 0.0], "G1_groups": [[1, 10], [10, 20], [20, 30], [30, 40], [40, 50], [50, 60], [60, 70], [70, 80], [80, 100]], "G2_valid_rates": [0.9604743083003953, 0.9613333333333334, 0.942, 0.805, 0.6176666666666667, 0.537917087967644, 0.4108241082410824, 0.32903225806451614, 0.0], "G2_sp_rates": [0.9090909090909091, 0.8836666666666667, 0.7846666666666666, 0.5466666666666666, 0.322, 0.14914054600606674, 0.05412054120541206, 0.03225806451612903, 0.0], "G2_groups": [[1, 10], [10, 20], [20, 30], [30, 40], [40, 50], [50, 60], [60, 70], [70, 80], [80, 100]]}