{"G1_valid_rates": [0.9683794466403162, 0.963, 0.9226666666666666, 0.7446666666666667, 0.5593333333333333, 0.5040444893832153, 0.4132841328413284, 0.27741935483870966, 0.0], "G1_sp_rates": [0.9604743083003953, 0.9156666666666666, 0.8066666666666666, 0.5313333333333333, 0.26766666666666666, 0.13296258847320525, 0.05289052890528905, 0.0064516129032258064, 0.0], "G1_groups": [[1, 10], [10, 20], [20, 30], [30, 40], [40, 50], [50, 60], [60, 70], [70, 80], [80, 100]], "G2_valid_rates": [0.9683794466403162, 0.963, 0.9226666666666666, 0.7446666666666667, 0.5593333333333333, 0.5040444893832153, 0.4132841328413284, 0.27741935483870966, 0.0], "G2_sp_rates": [0.9604743083003953, 0.9156666666666666, 0.8066666666666666, 0.5313333333333333, 0.26766666666666666, 0.13296258847320525, 0.05289052890528905, 0.0064516129032258064, 0.0], "G2_groups": [[1, 10], [10, 20], [20, 30], [30, 40], [40, 50], [50, 60], [60, 70], [70, 80], [80, 100]]}