{"G1_valid_rates": [0.9826086956521739, 0.9803333333333333, 0.9303333333333333, 0.712, 0.517, 0.39383215369059654, 0.3247232472324723, 0.23225806451612904, 0.2], "G1_sp_rates": [0.9604743083003953, 0.9363333333333334, 0.8066666666666666, 0.523, 0.281, 0.1263902932254803, 0.04797047970479705, 0.03225806451612903, 0.0], "G1_groups": [[1, 10], [10, 20], [20, 30], [30, 40], [40, 50], [50, 60], [60, 70], [70, 80], [80, 100]], "G2_valid_rates": [0.9826086956521739, 0.9803333333333333, 0.9303333333333333, 0.712, 0.517, 0.39383215369059654, 0.3247232472324723, 0.23225806451612904, 0.2], "G2_sp_rates": [0.9604743083003953, 0.9363333333333334, 0.8066666666666666, 0.523, 0.281, 0.1263902932254803, 0.04797047970479705, 0.03225806451612903, 0.0], "G2_groups": [[1, 10], [10, 20], [20, 30], [30, 40], [40, 50], [50, 60], [60, 70], [70, 80], [80, 100]]}