{"G1_valid_rates": [0.9865612648221344, 0.9773333333333334, 0.9486666666666667, 0.7776666666666666, 0.5576666666666666, 0.46309403437815977, 0.37023370233702335, 0.27741935483870966, 0.2], "G1_sp_rates": [0.9533596837944665, 0.9113333333333333, 0.808, 0.5586666666666666, 0.331, 0.1557128412537917, 0.04797047970479705, 0.03225806451612903, 0.0], "G1_groups": [[1, 10], [10, 20], [20, 30], [30, 40], [40, 50], [50, 60], [60, 70], [70, 80], [80, 100]], "G2_valid_rates": [0.9865612648221344, 0.9773333333333334, 0.9486666666666667, 0.7776666666666666, 0.5576666666666666, 0.46309403437815977, 0.37023370233702335, 0.27741935483870966, 0.2], "G2_sp_rates": [0.9533596837944665, 0.9113333333333333, 0.808, 0.5586666666666666, 0.331, 0.1557128412537917, 0.04797047970479705, 0.03225806451612903, 0.0], "G2_groups": [[1, 10], [10, 20], [20, 30], [30, 40], [40, 50], [50, 60], [60, 70], [70, 80], [80, 100]]}