{"G1_valid_rates": [0.558102766798419, 0.5773333333333334, 0.5603333333333333, 0.461, 0.33566666666666667, 0.3402426693629929, 0.35670356703567035, 0.36129032258064514, 0.0], "G1_sp_rates": [0.21106719367588933, 0.24666666666666667, 0.19166666666666668, 0.13133333333333333, 0.06366666666666666, 0.021739130434782608, 0.006150061500615006, 0.012903225806451613, 0.0], "G1_groups": [[1, 10], [10, 20], [20, 30], [30, 40], [40, 50], [50, 60], [60, 70], [70, 80], [80, 100]], "G2_valid_rates": [0.558102766798419, 0.5773333333333334, 0.5603333333333333, 0.461, 0.33566666666666667, 0.3402426693629929, 0.35670356703567035, 0.36129032258064514, 0.0], "G2_sp_rates": [0.21106719367588933, 0.24666666666666667, 0.19166666666666668, 0.13133333333333333, 0.06366666666666666, 0.021739130434782608, 0.006150061500615006, 0.012903225806451613, 0.0], "G2_groups": [[1, 10], [10, 20], [20, 30], [30, 40], [40, 50], [50, 60], [60, 70], [70, 80], [80, 100]]}