{"G1_valid_rates": [0.9810276679841897, 0.9746666666666667, 0.9666666666666667, 0.858, 0.6993333333333334, 0.6289180990899899, 0.5153751537515375, 0.3870967741935484, 0.4], "G1_sp_rates": [0.9225296442687747, 0.8973333333333333, 0.8253333333333334, 0.6023333333333334, 0.37, 0.17846309403437816, 0.07257072570725707, 0.03225806451612903, 0.0], "G1_groups": [[1, 10], [10, 20], [20, 30], [30, 40], [40, 50], [50, 60], [60, 70], [70, 80], [80, 100]], "G2_valid_rates": [0.9810276679841897, 0.9746666666666667, 0.9666666666666667, 0.858, 0.6993333333333334, 0.6289180990899899, 0.5153751537515375, 0.3870967741935484, 0.4], "G2_sp_rates": [0.9225296442687747, 0.8973333333333333, 0.8253333333333334, 0.6023333333333334, 0.37, 0.17846309403437816, 0.07257072570725707, 0.03225806451612903, 0.0], "G2_groups": [[1, 10], [10, 20], [20, 30], [30, 40], [40, 50], [50, 60], [60, 70], [70, 80], [80, 100]]}