{"G1_valid_rates": [0.8007905138339921, 0.806, 0.7013333333333334, 0.5016666666666667, 0.31433333333333335, 0.2032355915065723, 0.1992619926199262, 0.15483870967741936, 0.2], "G1_sp_rates": [0.5320158102766799, 0.535, 0.38133333333333336, 0.20866666666666667, 0.10066666666666667, 0.023255813953488372, 0.0024600246002460025, 0.0, 0.0], "G1_groups": [[1, 10], [10, 20], [20, 30], [30, 40], [40, 50], [50, 60], [60, 70], [70, 80], [80, 100]], "G2_valid_rates": [0.8007905138339921, 0.806, 0.7013333333333334, 0.5016666666666667, 0.31433333333333335, 0.2032355915065723, 0.1992619926199262, 0.15483870967741936, 0.2], "G2_sp_rates": [0.5320158102766799, 0.535, 0.38133333333333336, 0.20866666666666667, 0.10066666666666667, 0.023255813953488372, 0.0024600246002460025, 0.0, 0.0], "G2_groups": [[1, 10], [10, 20], [20, 30], [30, 40], [40, 50], [50, 60], [60, 70], [70, 80], [80, 100]]}