{"G1_valid_rates": [0.9383399209486166, 0.9396666666666667, 0.893, 0.7343333333333333, 0.5756666666666667, 0.49797775530839233, 0.3960639606396064, 0.34838709677419355, 0.6], "G1_sp_rates": [0.8940711462450592, 0.862, 0.7516666666666667, 0.48733333333333334, 0.266, 0.12740141557128412, 0.05043050430504305, 0.012903225806451613, 0.0], "G1_groups": [[1, 10], [10, 20], [20, 30], [30, 40], [40, 50], [50, 60], [60, 70], [70, 80], [80, 100]], "G2_valid_rates": [0.9383399209486166, 0.9396666666666667, 0.893, 0.7343333333333333, 0.5756666666666667, 0.49797775530839233, 0.3960639606396064, 0.34838709677419355, 0.6], "G2_sp_rates": [0.8940711462450592, 0.862, 0.7516666666666667, 0.48733333333333334, 0.266, 0.12740141557128412, 0.05043050430504305, 0.012903225806451613, 0.0], "G2_groups": [[1, 10], [10, 20], [20, 30], [30, 40], [40, 50], [50, 60], [60, 70], [70, 80], [80, 100]]}