{"G1_valid_rates": [0.9675889328063241, 0.961, 0.9403333333333334, 0.7966666666666666, 0.6053333333333333, 0.5343781597573306, 0.40836408364083643, 0.32903225806451614, 0.2], "G1_sp_rates": [0.8964426877470356, 0.8696666666666667, 0.7676666666666667, 0.5166666666666667, 0.292, 0.1339737108190091, 0.033210332103321034, 0.01935483870967742, 0.0], "G1_groups": [[1, 10], [10, 20], [20, 30], [30, 40], [40, 50], [50, 60], [60, 70], [70, 80], [80, 100]], "G2_valid_rates": [0.9675889328063241, 0.961, 0.9403333333333334, 0.7966666666666666, 0.6053333333333333, 0.5343781597573306, 0.40836408364083643, 0.32903225806451614, 0.2], "G2_sp_rates": [0.8964426877470356, 0.8696666666666667, 0.7676666666666667, 0.5166666666666667, 0.292, 0.1339737108190091, 0.033210332103321034, 0.01935483870967742, 0.0], "G2_groups": [[1, 10], [10, 20], [20, 30], [30, 40], [40, 50], [50, 60], [60, 70], [70, 80], [80, 100]]}