{"G1_valid_rates": [0.9596837944664032, 0.959, 0.9196666666666666, 0.7433333333333333, 0.5686666666666667, 0.48533872598584427, 0.33948339483394835, 0.2, 0.2], "G1_sp_rates": [0.9470355731225296, 0.908, 0.8093333333333333, 0.5393333333333333, 0.29233333333333333, 0.13498483316481294, 0.06150061500615006, 0.01935483870967742, 0.0], "G1_groups": [[1, 10], [10, 20], [20, 30], [30, 40], [40, 50], [50, 60], [60, 70], [70, 80], [80, 100]], "G2_valid_rates": [0.9596837944664032, 0.959, 0.9196666666666666, 0.7433333333333333, 0.5686666666666667, 0.48533872598584427, 0.33948339483394835, 0.2, 0.2], "G2_sp_rates": [0.9470355731225296, 0.908, 0.8093333333333333, 0.5393333333333333, 0.29233333333333333, 0.13498483316481294, 0.06150061500615006, 0.01935483870967742, 0.0], "G2_groups": [[1, 10], [10, 20], [20, 30], [30, 40], [40, 50], [50, 60], [60, 70], [70, 80], [80, 100]]}