{"G1_valid_rates": [0.9865612648221344, 0.982, 0.9626666666666667, 0.9263333333333333, 0.8823333333333333, 0.8640040444893832, 0.8388683886838868, 0.8774193548387097, 0.8], "G1_sp_rates": [0.9525691699604744, 0.9123333333333333, 0.814, 0.6813333333333333, 0.5273333333333333, 0.35995955510616784, 0.25830258302583026, 0.2645161290322581, 0.2], "G1_groups": [[1, 10], [10, 20], [20, 30], [30, 40], [40, 50], [50, 60], [60, 70], [70, 80], [80, 100]], "G2_valid_rates": [0.9865612648221344, 0.982, 0.9626666666666667, 0.9263333333333333, 0.8823333333333333, 0.8640040444893832, 0.8388683886838868, 0.8774193548387097, 0.8], "G2_sp_rates": [0.9525691699604744, 0.9123333333333333, 0.814, 0.6813333333333333, 0.5273333333333333, 0.35995955510616784, 0.25830258302583026, 0.2645161290322581, 0.2], "G2_groups": [[1, 10], [10, 20], [20, 30], [30, 40], [40, 50], [50, 60], [60, 70], [70, 80], [80, 100]]}