{"G1_valid_rates": [0.5660079051383399, 0.5656666666666667, 0.5253333333333333, 0.4116666666666667, 0.2773333333333333, 0.24266936299292213, 0.25338253382533826, 0.23225806451612904, 0.0], "G1_sp_rates": [0.23794466403162054, 0.278, 0.19066666666666668, 0.138, 0.06933333333333333, 0.014155712841253791, 0.004920049200492005, 0.01935483870967742, 0.0], "G1_groups": [[1, 10], [10, 20], [20, 30], [30, 40], [40, 50], [50, 60], [60, 70], [70, 80], [80, 100]], "G2_valid_rates": [0.5660079051383399, 0.5656666666666667, 0.5253333333333333, 0.4116666666666667, 0.2773333333333333, 0.24266936299292213, 0.25338253382533826, 0.23225806451612904, 0.0], "G2_sp_rates": [0.23794466403162054, 0.278, 0.19066666666666668, 0.138, 0.06933333333333333, 0.014155712841253791, 0.004920049200492005, 0.01935483870967742, 0.0], "G2_groups": [[1, 10], [10, 20], [20, 30], [30, 40], [40, 50], [50, 60], [60, 70], [70, 80], [80, 100]]}