{"G1_valid_rates": [0.7596837944664032, 0.781, 0.7123333333333334, 0.5243333333333333, 0.3616666666666667, 0.24974721941354905, 0.23124231242312424, 0.23225806451612904, 0.2], "G1_sp_rates": [0.6513833992094862, 0.6553333333333333, 0.5023333333333333, 0.30366666666666664, 0.14366666666666666, 0.05308392315470172, 0.015990159901599015, 0.025806451612903226, 0.2], "G1_groups": [[1, 10], [10, 20], [20, 30], [30, 40], [40, 50], [50, 60], [60, 70], [70, 80], [80, 100]], "G2_valid_rates": [0.7596837944664032, 0.781, 0.7123333333333334, 0.5243333333333333, 0.3616666666666667, 0.24974721941354905, 0.23124231242312424, 0.23225806451612904, 0.2], "G2_sp_rates": [0.6513833992094862, 0.6553333333333333, 0.5023333333333333, 0.30366666666666664, 0.14366666666666666, 0.05308392315470172, 0.015990159901599015, 0.025806451612903226, 0.2], "G2_groups": [[1, 10], [10, 20], [20, 30], [30, 40], [40, 50], [50, 60], [60, 70], [70, 80], [80, 100]]}