{"G1_valid_rates": [0.9928853754940712, 0.9843333333333333, 0.9593333333333334, 0.8113333333333334, 0.6176666666666667, 0.5010111223458038, 0.34686346863468637, 0.2645161290322581, 0.0], "G1_sp_rates": [0.966798418972332, 0.9283333333333333, 0.841, 0.5813333333333334, 0.3463333333333333, 0.15621840242669363, 0.046740467404674045, 0.025806451612903226, 0.0], "G1_groups": [[1, 10], [10, 20], [20, 30], [30, 40], [40, 50], [50, 60], [60, 70], [70, 80], [80, 100]], "G2_valid_rates": [0.9928853754940712, 0.9843333333333333, 0.9593333333333334, 0.8113333333333334, 0.6176666666666667, 0.5010111223458038, 0.34686346863468637, 0.2645161290322581, 0.0], "G2_sp_rates": [0.966798418972332, 0.9283333333333333, 0.841, 0.5813333333333334, 0.3463333333333333, 0.15621840242669363, 0.046740467404674045, 0.025806451612903226, 0.0], "G2_groups": [[1, 10], [10, 20], [20, 30], [30, 40], [40, 50], [50, 60], [60, 70], [70, 80], [80, 100]]}