{"G1_valid_rates": [0.5343873517786562, 0.542, 0.512, 0.41, 0.3466666666666667, 0.35995955510616784, 0.35424354243542433, 0.2709677419354839, 0.4], "G1_sp_rates": [0.17470355731225296, 0.19733333333333333, 0.146, 0.09033333333333333, 0.05433333333333333, 0.022244691607684528, 0.007380073800738007, 0.0064516129032258064, 0.0], "G1_groups": [[1, 10], [10, 20], [20, 30], [30, 40], [40, 50], [50, 60], [60, 70], [70, 80], [80, 100]], "G2_valid_rates": [0.5343873517786562, 0.542, 0.512, 0.41, 0.3466666666666667, 0.35995955510616784, 0.35424354243542433, 0.2709677419354839, 0.4], "G2_sp_rates": [0.17470355731225296, 0.19733333333333333, 0.146, 0.09033333333333333, 0.05433333333333333, 0.022244691607684528, 0.007380073800738007, 0.0064516129032258064, 0.0], "G2_groups": [[1, 10], [10, 20], [20, 30], [30, 40], [40, 50], [50, 60], [60, 70], [70, 80], [80, 100]]}