{"G1_valid_rates": [0.9517786561264822, 0.9533333333333334, 0.9353333333333333, 0.8263333333333334, 0.655, 0.615267947421638, 0.4907749077490775, 0.3548387096774194, 0.2], "G1_sp_rates": [0.9090909090909091, 0.8883333333333333, 0.8073333333333333, 0.582, 0.3436666666666667, 0.16430738119312438, 0.07011070110701106, 0.04516129032258064, 0.0], "G1_groups": [[1, 10], [10, 20], [20, 30], [30, 40], [40, 50], [50, 60], [60, 70], [70, 80], [80, 100]], "G2_valid_rates": [0.9517786561264822, 0.9533333333333334, 0.9353333333333333, 0.8263333333333334, 0.655, 0.615267947421638, 0.4907749077490775, 0.3548387096774194, 0.2], "G2_sp_rates": [0.9090909090909091, 0.8883333333333333, 0.8073333333333333, 0.582, 0.3436666666666667, 0.16430738119312438, 0.07011070110701106, 0.04516129032258064, 0.0], "G2_groups": [[1, 10], [10, 20], [20, 30], [30, 40], [40, 50], [50, 60], [60, 70], [70, 80], [80, 100]]}