{"G1_valid_rates": [0.9873517786561264, 0.974, 0.9416666666666667, 0.9243333333333333, 0.9046666666666666, 0.8665318503538928, 0.8142681426814268, 0.7612903225806451, 1.0], "G1_sp_rates": [0.9565217391304348, 0.901, 0.8113333333333334, 0.722, 0.6116666666666667, 0.3609706774519717, 0.24354243542435425, 0.1870967741935484, 0.2], "G1_groups": [[1, 10], [10, 20], [20, 30], [30, 40], [40, 50], [50, 60], [60, 70], [70, 80], [80, 100]], "G2_valid_rates": [0.9873517786561264, 0.974, 0.9416666666666667, 0.9243333333333333, 0.9046666666666666, 0.8665318503538928, 0.8142681426814268, 0.7612903225806451, 1.0], "G2_sp_rates": [0.9565217391304348, 0.901, 0.8113333333333334, 0.722, 0.6116666666666667, 0.3609706774519717, 0.24354243542435425, 0.1870967741935484, 0.2], "G2_groups": [[1, 10], [10, 20], [20, 30], [30, 40], [40, 50], [50, 60], [60, 70], [70, 80], [80, 100]]}