{"G1_valid_rates": [0.6411067193675889, 0.6186666666666667, 0.5673333333333334, 0.4663333333333333, 0.30933333333333335, 0.2441860465116279, 0.24108241082410825, 0.24516129032258063, 0.2], "G1_sp_rates": [0.20790513833992094, 0.21733333333333332, 0.149, 0.10566666666666667, 0.050666666666666665, 0.01870576339737108, 0.007380073800738007, 0.012903225806451613, 0.0], "G1_groups": [[1, 10], [10, 20], [20, 30], [30, 40], [40, 50], [50, 60], [60, 70], [70, 80], [80, 100]], "G2_valid_rates": [0.6411067193675889, 0.6186666666666667, 0.5673333333333334, 0.4663333333333333, 0.30933333333333335, 0.2441860465116279, 0.24108241082410825, 0.24516129032258063, 0.2], "G2_sp_rates": [0.20790513833992094, 0.21733333333333332, 0.149, 0.10566666666666667, 0.050666666666666665, 0.01870576339737108, 0.007380073800738007, 0.012903225806451613, 0.0], "G2_groups": [[1, 10], [10, 20], [20, 30], [30, 40], [40, 50], [50, 60], [60, 70], [70, 80], [80, 100]]}