{"G1_valid_rates": [0.9565217391304348, 0.9506666666666667, 0.9243333333333333, 0.7843333333333333, 0.6263333333333333, 0.6001011122345804, 0.5166051660516605, 0.4064516129032258, 0.2], "G1_sp_rates": [0.841897233201581, 0.839, 0.739, 0.5223333333333333, 0.30333333333333334, 0.1511627906976744, 0.06765067650676507, 0.03870967741935484, 0.0], "G1_groups": [[1, 10], [10, 20], [20, 30], [30, 40], [40, 50], [50, 60], [60, 70], [70, 80], [80, 100]], "G2_valid_rates": [0.9565217391304348, 0.9506666666666667, 0.9243333333333333, 0.7843333333333333, 0.6263333333333333, 0.6001011122345804, 0.5166051660516605, 0.4064516129032258, 0.2], "G2_sp_rates": [0.841897233201581, 0.839, 0.739, 0.5223333333333333, 0.30333333333333334, 0.1511627906976744, 0.06765067650676507, 0.03870967741935484, 0.0], "G2_groups": [[1, 10], [10, 20], [20, 30], [30, 40], [40, 50], [50, 60], [60, 70], [70, 80], [80, 100]]}