{"G1_valid_rates": [0.9794466403162055, 0.9226666666666666, 0.798, 0.7546666666666667, 0.7813333333333333, 0.820525783619818, 0.8241082410824109, 0.8709677419354839, 1.0], "G1_sp_rates": [0.9351778656126483, 0.8003333333333333, 0.5823333333333334, 0.41733333333333333, 0.37533333333333335, 0.3063700707785642, 0.2829028290282903, 0.3032258064516129, 0.6], "G1_groups": [[1, 10], [10, 20], [20, 30], [30, 40], [40, 50], [50, 60], [60, 70], [70, 80], [80, 100]], "G2_valid_rates": [0.9794466403162055, 0.9226666666666666, 0.798, 0.7546666666666667, 0.7813333333333333, 0.820525783619818, 0.8241082410824109, 0.8709677419354839, 1.0], "G2_sp_rates": [0.9351778656126483, 0.8003333333333333, 0.5823333333333334, 0.41733333333333333, 0.37533333333333335, 0.3063700707785642, 0.2829028290282903, 0.3032258064516129, 0.6], "G2_groups": [[1, 10], [10, 20], [20, 30], [30, 40], [40, 50], [50, 60], [60, 70], [70, 80], [80, 100]]}