{"G1_valid_rates": [0.9549407114624506, 0.9523333333333334, 0.9416666666666667, 0.8103333333333333, 0.6506666666666666, 0.5763397371081901, 0.4747847478474785, 0.32903225806451614, 0.0], "G1_sp_rates": [0.9067193675889328, 0.8793333333333333, 0.786, 0.551, 0.335, 0.16177957532861476, 0.06396063960639606, 0.025806451612903226, 0.0], "G1_groups": [[1, 10], [10, 20], [20, 30], [30, 40], [40, 50], [50, 60], [60, 70], [70, 80], [80, 100]], "G2_valid_rates": [0.9549407114624506, 0.9523333333333334, 0.9416666666666667, 0.8103333333333333, 0.6506666666666666, 0.5763397371081901, 0.4747847478474785, 0.32903225806451614, 0.0], "G2_sp_rates": [0.9067193675889328, 0.8793333333333333, 0.786, 0.551, 0.335, 0.16177957532861476, 0.06396063960639606, 0.025806451612903226, 0.0], "G2_groups": [[1, 10], [10, 20], [20, 30], [30, 40], [40, 50], [50, 60], [60, 70], [70, 80], [80, 100]]}