{"G1_valid_rates": [0.983399209486166, 0.9823333333333333, 0.9673333333333334, 0.835, 0.6436666666666667, 0.5778564206268959, 0.45879458794587946, 0.3225806451612903, 0.2], "G1_sp_rates": [0.9367588932806324, 0.924, 0.8366666666666667, 0.577, 0.30466666666666664, 0.12082912032355915, 0.04797047970479705, 0.025806451612903226, 0.0], "G1_groups": [[1, 10], [10, 20], [20, 30], [30, 40], [40, 50], [50, 60], [60, 70], [70, 80], [80, 100]], "G2_valid_rates": [0.983399209486166, 0.9823333333333333, 0.9673333333333334, 0.835, 0.6436666666666667, 0.5778564206268959, 0.45879458794587946, 0.3225806451612903, 0.2], "G2_sp_rates": [0.9367588932806324, 0.924, 0.8366666666666667, 0.577, 0.30466666666666664, 0.12082912032355915, 0.04797047970479705, 0.025806451612903226, 0.0], "G2_groups": [[1, 10], [10, 20], [20, 30], [30, 40], [40, 50], [50, 60], [60, 70], [70, 80], [80, 100]]}