{"G1_valid_rates": [0.9541501976284585, 0.9563333333333334, 0.9433333333333334, 0.8196666666666667, 0.6673333333333333, 0.5910010111223458, 0.48462484624846247, 0.3096774193548387, 0.2], "G1_sp_rates": [0.9059288537549407, 0.888, 0.7996666666666666, 0.564, 0.343, 0.16683518705763398, 0.07380073800738007, 0.025806451612903226, 0.0], "G1_groups": [[1, 10], [10, 20], [20, 30], [30, 40], [40, 50], [50, 60], [60, 70], [70, 80], [80, 100]], "G2_valid_rates": [0.9541501976284585, 0.9563333333333334, 0.9433333333333334, 0.8196666666666667, 0.6673333333333333, 0.5910010111223458, 0.48462484624846247, 0.3096774193548387, 0.2], "G2_sp_rates": [0.9059288537549407, 0.888, 0.7996666666666666, 0.564, 0.343, 0.16683518705763398, 0.07380073800738007, 0.025806451612903226, 0.0], "G2_groups": [[1, 10], [10, 20], [20, 30], [30, 40], [40, 50], [50, 60], [60, 70], [70, 80], [80, 100]]}