{"G1_valid_rates": [0.9691699604743083, 0.953, 0.9266666666666666, 0.7666666666666667, 0.5833333333333334, 0.512639029322548, 0.4280442804428044, 0.34838709677419355, 0.0], "G1_sp_rates": [0.8474308300395257, 0.84, 0.7293333333333333, 0.49433333333333335, 0.29833333333333334, 0.14054600606673406, 0.05043050430504305, 0.03870967741935484, 0.0], "G1_groups": [[1, 10], [10, 20], [20, 30], [30, 40], [40, 50], [50, 60], [60, 70], [70, 80], [80, 100]], "G2_valid_rates": [0.9691699604743083, 0.953, 0.9266666666666666, 0.7666666666666667, 0.5833333333333334, 0.512639029322548, 0.4280442804428044, 0.34838709677419355, 0.0], "G2_sp_rates": [0.8474308300395257, 0.84, 0.7293333333333333, 0.49433333333333335, 0.29833333333333334, 0.14054600606673406, 0.05043050430504305, 0.03870967741935484, 0.0], "G2_groups": [[1, 10], [10, 20], [20, 30], [30, 40], [40, 50], [50, 60], [60, 70], [70, 80], [80, 100]]}