{"G1_valid_rates": [0.9691699604743083, 0.9663333333333334, 0.9433333333333334, 0.823, 0.645, 0.5561172901921132, 0.3899138991389914, 0.24516129032258063, 0.2], "G1_sp_rates": [0.9233201581027668, 0.8876666666666667, 0.8093333333333333, 0.5976666666666667, 0.346, 0.15824064711830133, 0.04551045510455105, 0.025806451612903226, 0.0], "G1_groups": [[1, 10], [10, 20], [20, 30], [30, 40], [40, 50], [50, 60], [60, 70], [70, 80], [80, 100]], "G2_valid_rates": [0.9691699604743083, 0.9663333333333334, 0.9433333333333334, 0.823, 0.645, 0.5561172901921132, 0.3899138991389914, 0.24516129032258063, 0.2], "G2_sp_rates": [0.9233201581027668, 0.8876666666666667, 0.8093333333333333, 0.5976666666666667, 0.346, 0.15824064711830133, 0.04551045510455105, 0.025806451612903226, 0.0], "G2_groups": [[1, 10], [10, 20], [20, 30], [30, 40], [40, 50], [50, 60], [60, 70], [70, 80], [80, 100]]}