{"G1_valid_rates": [0.991304347826087, 0.979, 0.9586666666666667, 0.8193333333333334, 0.6526666666666666, 0.5824064711830131, 0.4920049200492005, 0.36774193548387096, 0.4], "G1_sp_rates": [0.9517786561264822, 0.915, 0.813, 0.583, 0.36733333333333335, 0.1890798786653185, 0.07749077490774908, 0.04516129032258064, 0.2], "G1_groups": [[1, 10], [10, 20], [20, 30], [30, 40], [40, 50], [50, 60], [60, 70], [70, 80], [80, 100]], "G2_valid_rates": [0.991304347826087, 0.979, 0.9586666666666667, 0.8193333333333334, 0.6526666666666666, 0.5824064711830131, 0.4920049200492005, 0.36774193548387096, 0.4], "G2_sp_rates": [0.9517786561264822, 0.915, 0.813, 0.583, 0.36733333333333335, 0.1890798786653185, 0.07749077490774908, 0.04516129032258064, 0.2], "G2_groups": [[1, 10], [10, 20], [20, 30], [30, 40], [40, 50], [50, 60], [60, 70], [70, 80], [80, 100]]}