{"G1_valid_rates": [0.9802371541501976, 0.9723333333333334, 0.939, 0.775, 0.5813333333333334, 0.4757330637007078, 0.31365313653136534, 0.2967741935483871, 0.2], "G1_sp_rates": [0.9375494071146245, 0.908, 0.8033333333333333, 0.552, 0.31033333333333335, 0.1365015166835187, 0.03690036900369004, 0.01935483870967742, 0.0], "G1_groups": [[1, 10], [10, 20], [20, 30], [30, 40], [40, 50], [50, 60], [60, 70], [70, 80], [80, 100]], "G2_valid_rates": [0.9802371541501976, 0.9723333333333334, 0.939, 0.775, 0.5813333333333334, 0.4757330637007078, 0.31365313653136534, 0.2967741935483871, 0.2], "G2_sp_rates": [0.9375494071146245, 0.908, 0.8033333333333333, 0.552, 0.31033333333333335, 0.1365015166835187, 0.03690036900369004, 0.01935483870967742, 0.0], "G2_groups": [[1, 10], [10, 20], [20, 30], [30, 40], [40, 50], [50, 60], [60, 70], [70, 80], [80, 100]]}