{"G1_valid_rates": [0.9928853754940712, 0.986, 0.9796666666666667, 0.9576666666666667, 0.9226666666666666, 0.9044489383215369, 0.8671586715867159, 0.8838709677419355, 0.8], "G1_sp_rates": [0.9541501976284585, 0.9143333333333333, 0.848, 0.7243333333333334, 0.5343333333333333, 0.30990899898887764, 0.1881918819188192, 0.16774193548387098, 0.2], "G1_groups": [[1, 10], [10, 20], [20, 30], [30, 40], [40, 50], [50, 60], [60, 70], [70, 80], [80, 100]], "G2_valid_rates": [0.9928853754940712, 0.986, 0.9796666666666667, 0.9576666666666667, 0.9226666666666666, 0.9044489383215369, 0.8671586715867159, 0.8838709677419355, 0.8], "G2_sp_rates": [0.9541501976284585, 0.9143333333333333, 0.848, 0.7243333333333334, 0.5343333333333333, 0.30990899898887764, 0.1881918819188192, 0.16774193548387098, 0.2], "G2_groups": [[1, 10], [10, 20], [20, 30], [30, 40], [40, 50], [50, 60], [60, 70], [70, 80], [80, 100]]}