{"G1_valid_rates": [0.841106719367589, 0.853, 0.7656666666666667, 0.5543333333333333, 0.352, 0.25530839231547015, 0.21525215252152521, 0.24516129032258063, 0.2], "G1_sp_rates": [0.6102766798418973, 0.6556666666666666, 0.4683333333333333, 0.242, 0.09966666666666667, 0.03387259858442872, 0.007380073800738007, 0.0, 0.0], "G1_groups": [[1, 10], [10, 20], [20, 30], [30, 40], [40, 50], [50, 60], [60, 70], [70, 80], [80, 100]], "G2_valid_rates": [0.841106719367589, 0.853, 0.7656666666666667, 0.5543333333333333, 0.352, 0.25530839231547015, 0.21525215252152521, 0.24516129032258063, 0.2], "G2_sp_rates": [0.6102766798418973, 0.6556666666666666, 0.4683333333333333, 0.242, 0.09966666666666667, 0.03387259858442872, 0.007380073800738007, 0.0, 0.0], "G2_groups": [[1, 10], [10, 20], [20, 30], [30, 40], [40, 50], [50, 60], [60, 70], [70, 80], [80, 100]]}