{"G1_valid_rates": [0.966798418972332, 0.959, 0.9333333333333333, 0.8113333333333334, 0.633, 0.5712841253791708, 0.45264452644526443, 0.32903225806451614, 0.2], "G1_sp_rates": [0.892490118577075, 0.863, 0.7603333333333333, 0.539, 0.323, 0.15672396359959556, 0.05904059040590406, 0.05161290322580645, 0.0], "G1_groups": [[1, 10], [10, 20], [20, 30], [30, 40], [40, 50], [50, 60], [60, 70], [70, 80], [80, 100]], "G2_valid_rates": [0.966798418972332, 0.959, 0.9333333333333333, 0.8113333333333334, 0.633, 0.5712841253791708, 0.45264452644526443, 0.32903225806451614, 0.2], "G2_sp_rates": [0.892490118577075, 0.863, 0.7603333333333333, 0.539, 0.323, 0.15672396359959556, 0.05904059040590406, 0.05161290322580645, 0.0], "G2_groups": [[1, 10], [10, 20], [20, 30], [30, 40], [40, 50], [50, 60], [60, 70], [70, 80], [80, 100]]}