{"G1_valid_rates": [0.9928853754940712, 0.987, 0.9713333333333334, 0.9116666666666666, 0.816, 0.7917087967644085, 0.6986469864698647, 0.567741935483871, 0.0], "G1_sp_rates": [0.9707509881422924, 0.939, 0.8746666666666667, 0.6916666666666667, 0.451, 0.23255813953488372, 0.09225092250922509, 0.04516129032258064, 0.0], "G1_groups": [[1, 10], [10, 20], [20, 30], [30, 40], [40, 50], [50, 60], [60, 70], [70, 80], [80, 100]], "G2_valid_rates": [0.9928853754940712, 0.987, 0.9713333333333334, 0.9116666666666666, 0.816, 0.7917087967644085, 0.6986469864698647, 0.567741935483871, 0.0], "G2_sp_rates": [0.9707509881422924, 0.939, 0.8746666666666667, 0.6916666666666667, 0.451, 0.23255813953488372, 0.09225092250922509, 0.04516129032258064, 0.0], "G2_groups": [[1, 10], [10, 20], [20, 30], [30, 40], [40, 50], [50, 60], [60, 70], [70, 80], [80, 100]]}