{"G1_valid_rates": [0.7707509881422925, 0.7586666666666667, 0.6793333333333333, 0.5393333333333333, 0.3636666666666667, 0.3018200202224469, 0.2890528905289053, 0.3096774193548387, 0.4], "G1_sp_rates": [0.6023715415019762, 0.5893333333333334, 0.446, 0.27, 0.13666666666666666, 0.04499494438827098, 0.01845018450184502, 0.03225806451612903, 0.0], "G1_groups": [[1, 10], [10, 20], [20, 30], [30, 40], [40, 50], [50, 60], [60, 70], [70, 80], [80, 100]], "G2_valid_rates": [0.7707509881422925, 0.7586666666666667, 0.6793333333333333, 0.5393333333333333, 0.3636666666666667, 0.3018200202224469, 0.2890528905289053, 0.3096774193548387, 0.4], "G2_sp_rates": [0.6023715415019762, 0.5893333333333334, 0.446, 0.27, 0.13666666666666666, 0.04499494438827098, 0.01845018450184502, 0.03225806451612903, 0.0], "G2_groups": [[1, 10], [10, 20], [20, 30], [30, 40], [40, 50], [50, 60], [60, 70], [70, 80], [80, 100]]}