{"G1_valid_rates": [0.9968379446640316, 0.9913333333333333, 0.9666666666666667, 0.7823333333333333, 0.5506666666666666, 0.4282103134479272, 0.24354243542435425, 0.1935483870967742, 0.0], "G1_sp_rates": [0.9636363636363636, 0.9396666666666667, 0.851, 0.553, 0.289, 0.10970677451971689, 0.02706027060270603, 0.03225806451612903, 0.0], "G1_groups": [[1, 10], [10, 20], [20, 30], [30, 40], [40, 50], [50, 60], [60, 70], [70, 80], [80, 100]], "G2_valid_rates": [0.9968379446640316, 0.9913333333333333, 0.9666666666666667, 0.7823333333333333, 0.5506666666666666, 0.4282103134479272, 0.24354243542435425, 0.1935483870967742, 0.0], "G2_sp_rates": [0.9636363636363636, 0.9396666666666667, 0.851, 0.553, 0.289, 0.10970677451971689, 0.02706027060270603, 0.03225806451612903, 0.0], "G2_groups": [[1, 10], [10, 20], [20, 30], [30, 40], [40, 50], [50, 60], [60, 70], [70, 80], [80, 100]]}