{"G1_valid_rates": [0.9636363636363636, 0.948, 0.9236666666666666, 0.7993333333333333, 0.6116666666666667, 0.5409504550050556, 0.4698646986469865, 0.36129032258064514, 0.2], "G1_sp_rates": [0.8719367588932806, 0.8503333333333334, 0.7573333333333333, 0.529, 0.3243333333333333, 0.1577350859453994, 0.07749077490774908, 0.05806451612903226, 0.2], "G1_groups": [[1, 10], [10, 20], [20, 30], [30, 40], [40, 50], [50, 60], [60, 70], [70, 80], [80, 100]], "G2_valid_rates": [0.9636363636363636, 0.948, 0.9236666666666666, 0.7993333333333333, 0.6116666666666667, 0.5409504550050556, 0.4698646986469865, 0.36129032258064514, 0.2], "G2_sp_rates": [0.8719367588932806, 0.8503333333333334, 0.7573333333333333, 0.529, 0.3243333333333333, 0.1577350859453994, 0.07749077490774908, 0.05806451612903226, 0.2], "G2_groups": [[1, 10], [10, 20], [20, 30], [30, 40], [40, 50], [50, 60], [60, 70], [70, 80], [80, 100]]}