{"G1_valid_rates": [0.9889328063241106, 0.9856666666666667, 0.982, 0.967, 0.9343333333333333, 0.8796764408493428, 0.8277982779827798, 0.8064516129032258, 0.4], "G1_sp_rates": [0.9636363636363636, 0.936, 0.874, 0.7583333333333333, 0.5556666666666666, 0.2871587462082912, 0.16113161131611317, 0.0967741935483871, 0.2], "G1_groups": [[1, 10], [10, 20], [20, 30], [30, 40], [40, 50], [50, 60], [60, 70], [70, 80], [80, 100]], "G2_valid_rates": [0.9889328063241106, 0.9856666666666667, 0.982, 0.967, 0.9343333333333333, 0.8796764408493428, 0.8277982779827798, 0.8064516129032258, 0.4], "G2_sp_rates": [0.9636363636363636, 0.936, 0.874, 0.7583333333333333, 0.5556666666666666, 0.2871587462082912, 0.16113161131611317, 0.0967741935483871, 0.2], "G2_groups": [[1, 10], [10, 20], [20, 30], [30, 40], [40, 50], [50, 60], [60, 70], [70, 80], [80, 100]]}