{"G1_valid_rates": [0.9541501976284585, 0.949, 0.9223333333333333, 0.7843333333333333, 0.629, 0.5884732052578362, 0.4932349323493235, 0.4258064516129032, 0.6], "G1_sp_rates": [0.8213438735177866, 0.8213333333333334, 0.713, 0.5016666666666667, 0.30033333333333334, 0.1557128412537917, 0.06642066420664207, 0.05161290322580645, 0.2], "G1_groups": [[1, 10], [10, 20], [20, 30], [30, 40], [40, 50], [50, 60], [60, 70], [70, 80], [80, 100]], "G2_valid_rates": [0.9541501976284585, 0.949, 0.9223333333333333, 0.7843333333333333, 0.629, 0.5884732052578362, 0.4932349323493235, 0.4258064516129032, 0.6], "G2_sp_rates": [0.8213438735177866, 0.8213333333333334, 0.713, 0.5016666666666667, 0.30033333333333334, 0.1557128412537917, 0.06642066420664207, 0.05161290322580645, 0.2], "G2_groups": [[1, 10], [10, 20], [20, 30], [30, 40], [40, 50], [50, 60], [60, 70], [70, 80], [80, 100]]}