{"G1_valid_rates": [0.8656126482213439, 0.8746666666666667, 0.8183333333333334, 0.697, 0.5393333333333333, 0.48483316481294236, 0.44649446494464945, 0.3741935483870968, 0.2], "G1_sp_rates": [0.7193675889328063, 0.746, 0.616, 0.402, 0.228, 0.09251769464105157, 0.03075030750307503, 0.01935483870967742, 0.0], "G1_groups": [[1, 10], [10, 20], [20, 30], [30, 40], [40, 50], [50, 60], [60, 70], [70, 80], [80, 100]], "G2_valid_rates": [0.8656126482213439, 0.8746666666666667, 0.8183333333333334, 0.697, 0.5393333333333333, 0.48483316481294236, 0.44649446494464945, 0.3741935483870968, 0.2], "G2_sp_rates": [0.7193675889328063, 0.746, 0.616, 0.402, 0.228, 0.09251769464105157, 0.03075030750307503, 0.01935483870967742, 0.0], "G2_groups": [[1, 10], [10, 20], [20, 30], [30, 40], [40, 50], [50, 60], [60, 70], [70, 80], [80, 100]]}