{"G1_valid_rates": [0.9351778656126483, 0.9443333333333334, 0.9246666666666666, 0.7976666666666666, 0.64, 0.5652173913043478, 0.4575645756457565, 0.33548387096774196, 0.2], "G1_sp_rates": [0.8845849802371542, 0.874, 0.7723333333333333, 0.539, 0.326, 0.1531850353892821, 0.06765067650676507, 0.025806451612903226, 0.0], "G1_groups": [[1, 10], [10, 20], [20, 30], [30, 40], [40, 50], [50, 60], [60, 70], [70, 80], [80, 100]], "G2_valid_rates": [0.9351778656126483, 0.9443333333333334, 0.9246666666666666, 0.7976666666666666, 0.64, 0.5652173913043478, 0.4575645756457565, 0.33548387096774196, 0.2], "G2_sp_rates": [0.8845849802371542, 0.874, 0.7723333333333333, 0.539, 0.326, 0.1531850353892821, 0.06765067650676507, 0.025806451612903226, 0.0], "G2_groups": [[1, 10], [10, 20], [20, 30], [30, 40], [40, 50], [50, 60], [60, 70], [70, 80], [80, 100]]}