{"G1_valid_rates": [0.7802371541501977, 0.7776666666666666, 0.725, 0.5623333333333334, 0.39666666666666667, 0.33417593528816986, 0.28044280442804426, 0.24516129032258063, 0.6], "G1_sp_rates": [0.6379446640316205, 0.6216666666666667, 0.49766666666666665, 0.314, 0.13533333333333333, 0.052072800808897875, 0.015990159901599015, 0.01935483870967742, 0.2], "G1_groups": [[1, 10], [10, 20], [20, 30], [30, 40], [40, 50], [50, 60], [60, 70], [70, 80], [80, 100]], "G2_valid_rates": [0.7802371541501977, 0.7776666666666666, 0.725, 0.5623333333333334, 0.39666666666666667, 0.33417593528816986, 0.28044280442804426, 0.24516129032258063, 0.6], "G2_sp_rates": [0.6379446640316205, 0.6216666666666667, 0.49766666666666665, 0.314, 0.13533333333333333, 0.052072800808897875, 0.015990159901599015, 0.01935483870967742, 0.2], "G2_groups": [[1, 10], [10, 20], [20, 30], [30, 40], [40, 50], [50, 60], [60, 70], [70, 80], [80, 100]]}