{"G1_valid_rates": [0.9723320158102767, 0.973, 0.951, 0.8226666666666667, 0.644, 0.5697674418604651, 0.46248462484624847, 0.36774193548387096, 0.0], "G1_sp_rates": [0.9391304347826087, 0.9066666666666666, 0.817, 0.5573333333333333, 0.31166666666666665, 0.14762386248736098, 0.05289052890528905, 0.01935483870967742, 0.0], "G1_groups": [[1, 10], [10, 20], [20, 30], [30, 40], [40, 50], [50, 60], [60, 70], [70, 80], [80, 100]], "G2_valid_rates": [0.9723320158102767, 0.973, 0.951, 0.8226666666666667, 0.644, 0.5697674418604651, 0.46248462484624847, 0.36774193548387096, 0.0], "G2_sp_rates": [0.9391304347826087, 0.9066666666666666, 0.817, 0.5573333333333333, 0.31166666666666665, 0.14762386248736098, 0.05289052890528905, 0.01935483870967742, 0.0], "G2_groups": [[1, 10], [10, 20], [20, 30], [30, 40], [40, 50], [50, 60], [60, 70], [70, 80], [80, 100]]}