{"G1_valid_rates": [0.9288537549407114, 0.9293333333333333, 0.8993333333333333, 0.759, 0.598, 0.5348837209302325, 0.4661746617466175, 0.3741935483870968, 0.2], "G1_sp_rates": [0.8300395256916996, 0.8113333333333334, 0.6946666666666667, 0.44566666666666666, 0.252, 0.10717896865520728, 0.03198031980319803, 0.025806451612903226, 0.2], "G1_groups": [[1, 10], [10, 20], [20, 30], [30, 40], [40, 50], [50, 60], [60, 70], [70, 80], [80, 100]], "G2_valid_rates": [0.9288537549407114, 0.9293333333333333, 0.8993333333333333, 0.759, 0.598, 0.5348837209302325, 0.4661746617466175, 0.3741935483870968, 0.2], "G2_sp_rates": [0.8300395256916996, 0.8113333333333334, 0.6946666666666667, 0.44566666666666666, 0.252, 0.10717896865520728, 0.03198031980319803, 0.025806451612903226, 0.2], "G2_groups": [[1, 10], [10, 20], [20, 30], [30, 40], [40, 50], [50, 60], [60, 70], [70, 80], [80, 100]]}