{"G1_valid_rates": [0.9604743083003953, 0.959, 0.9343333333333333, 0.829, 0.6633333333333333, 0.5748230535894844, 0.45879458794587946, 0.3419354838709677, 0.4], "G1_sp_rates": [0.9011857707509882, 0.875, 0.775, 0.545, 0.31333333333333335, 0.14914054600606674, 0.05166051660516605, 0.01935483870967742, 0.2], "G1_groups": [[1, 10], [10, 20], [20, 30], [30, 40], [40, 50], [50, 60], [60, 70], [70, 80], [80, 100]], "G2_valid_rates": [0.9604743083003953, 0.959, 0.9343333333333333, 0.829, 0.6633333333333333, 0.5748230535894844, 0.45879458794587946, 0.3419354838709677, 0.4], "G2_sp_rates": [0.9011857707509882, 0.875, 0.775, 0.545, 0.31333333333333335, 0.14914054600606674, 0.05166051660516605, 0.01935483870967742, 0.2], "G2_groups": [[1, 10], [10, 20], [20, 30], [30, 40], [40, 50], [50, 60], [60, 70], [70, 80], [80, 100]]}