{"G1_valid_rates": [0.9952569169960475, 0.9873333333333333, 0.9716666666666667, 0.8316666666666667, 0.6316666666666667, 0.5404448938321537, 0.36531365313653136, 0.3161290322580645, 0.0], "G1_sp_rates": [0.9731225296442688, 0.9366666666666666, 0.856, 0.5966666666666667, 0.3496666666666667, 0.15419615773508594, 0.04305043050430504, 0.03225806451612903, 0.0], "G1_groups": [[1, 10], [10, 20], [20, 30], [30, 40], [40, 50], [50, 60], [60, 70], [70, 80], [80, 100]], "G2_valid_rates": [0.9952569169960475, 0.9873333333333333, 0.9716666666666667, 0.8316666666666667, 0.6316666666666667, 0.5404448938321537, 0.36531365313653136, 0.3161290322580645, 0.0], "G2_sp_rates": [0.9731225296442688, 0.9366666666666666, 0.856, 0.5966666666666667, 0.3496666666666667, 0.15419615773508594, 0.04305043050430504, 0.03225806451612903, 0.0], "G2_groups": [[1, 10], [10, 20], [20, 30], [30, 40], [40, 50], [50, 60], [60, 70], [70, 80], [80, 100]]}