{"G1_valid_rates": [0.9897233201581027, 0.9853333333333333, 0.9643333333333334, 0.8903333333333333, 0.7913333333333333, 0.820525783619818, 0.7650676506765067, 0.7483870967741936, 0.2], "G1_sp_rates": [0.9715415019762846, 0.9283333333333333, 0.8463333333333334, 0.659, 0.46066666666666667, 0.3063700707785642, 0.22755227552275523, 0.25161290322580643, 0.2], "G1_groups": [[1, 10], [10, 20], [20, 30], [30, 40], [40, 50], [50, 60], [60, 70], [70, 80], [80, 100]], "G2_valid_rates": [0.9897233201581027, 0.9853333333333333, 0.9643333333333334, 0.8903333333333333, 0.7913333333333333, 0.820525783619818, 0.7650676506765067, 0.7483870967741936, 0.2], "G2_sp_rates": [0.9715415019762846, 0.9283333333333333, 0.8463333333333334, 0.659, 0.46066666666666667, 0.3063700707785642, 0.22755227552275523, 0.25161290322580643, 0.2], "G2_groups": [[1, 10], [10, 20], [20, 30], [30, 40], [40, 50], [50, 60], [60, 70], [70, 80], [80, 100]]}