{"G1_valid_rates": [0.6561264822134387, 0.663, 0.6136666666666667, 0.446, 0.23933333333333334, 0.17593528816986856, 0.16974169741697417, 0.23225806451612904, 0.2], "G1_sp_rates": [0.44664031620553357, 0.44633333333333336, 0.3463333333333333, 0.20766666666666667, 0.09, 0.028816986855409503, 0.008610086100861008, 0.0064516129032258064, 0.0], "G1_groups": [[1, 10], [10, 20], [20, 30], [30, 40], [40, 50], [50, 60], [60, 70], [70, 80], [80, 100]], "G2_valid_rates": [0.6561264822134387, 0.663, 0.6136666666666667, 0.446, 0.23933333333333334, 0.17593528816986856, 0.16974169741697417, 0.23225806451612904, 0.2], "G2_sp_rates": [0.44664031620553357, 0.44633333333333336, 0.3463333333333333, 0.20766666666666667, 0.09, 0.028816986855409503, 0.008610086100861008, 0.0064516129032258064, 0.0], "G2_groups": [[1, 10], [10, 20], [20, 30], [30, 40], [40, 50], [50, 60], [60, 70], [70, 80], [80, 100]]}