{"G1_valid_rates": [0.9209486166007905, 0.8983333333333333, 0.8226666666666667, 0.5956666666666667, 0.38533333333333336, 0.29221435793731043, 0.21279212792127922, 0.2129032258064516, 0.6], "G1_sp_rates": [0.8166007905138339, 0.7763333333333333, 0.6226666666666667, 0.36733333333333335, 0.16766666666666666, 0.06370070778564206, 0.023370233702337023, 0.012903225806451613, 0.0], "G1_groups": [[1, 10], [10, 20], [20, 30], [30, 40], [40, 50], [50, 60], [60, 70], [70, 80], [80, 100]], "G2_valid_rates": [0.9209486166007905, 0.8983333333333333, 0.8226666666666667, 0.5956666666666667, 0.38533333333333336, 0.29221435793731043, 0.21279212792127922, 0.2129032258064516, 0.6], "G2_sp_rates": [0.8166007905138339, 0.7763333333333333, 0.6226666666666667, 0.36733333333333335, 0.16766666666666666, 0.06370070778564206, 0.023370233702337023, 0.012903225806451613, 0.0], "G2_groups": [[1, 10], [10, 20], [20, 30], [30, 40], [40, 50], [50, 60], [60, 70], [70, 80], [80, 100]]}