{"G1_valid_rates": [0.7525691699604743, 0.7273333333333334, 0.6803333333333333, 0.5423333333333333, 0.36633333333333334, 0.3134479271991911, 0.3075030750307503, 0.2967741935483871, 0.4], "G1_sp_rates": [0.5059288537549407, 0.528, 0.38233333333333336, 0.23133333333333334, 0.11233333333333333, 0.0358948432760364, 0.007380073800738007, 0.0064516129032258064, 0.0], "G1_groups": [[1, 10], [10, 20], [20, 30], [30, 40], [40, 50], [50, 60], [60, 70], [70, 80], [80, 100]], "G2_valid_rates": [0.7525691699604743, 0.7273333333333334, 0.6803333333333333, 0.5423333333333333, 0.36633333333333334, 0.3134479271991911, 0.3075030750307503, 0.2967741935483871, 0.4], "G2_sp_rates": [0.5059288537549407, 0.528, 0.38233333333333336, 0.23133333333333334, 0.11233333333333333, 0.0358948432760364, 0.007380073800738007, 0.0064516129032258064, 0.0], "G2_groups": [[1, 10], [10, 20], [20, 30], [30, 40], [40, 50], [50, 60], [60, 70], [70, 80], [80, 100]]}