{"G1_valid_rates": [0.23873517786561266, 0.25533333333333336, 0.25566666666666665, 0.23766666666666666, 0.22333333333333333, 0.2967644084934277, 0.3124231242312423, 0.3419354838709677, 0.4], "G1_sp_rates": [0.0458498023715415, 0.09033333333333333, 0.07333333333333333, 0.07266666666666667, 0.05, 0.028816986855409503, 0.017220172201722016, 0.03225806451612903, 0.2], "G1_groups": [[1, 10], [10, 20], [20, 30], [30, 40], [40, 50], [50, 60], [60, 70], [70, 80], [80, 100]], "G2_valid_rates": [0.23873517786561266, 0.25533333333333336, 0.25566666666666665, 0.23766666666666666, 0.22333333333333333, 0.2967644084934277, 0.3124231242312423, 0.3419354838709677, 0.4], "G2_sp_rates": [0.0458498023715415, 0.09033333333333333, 0.07333333333333333, 0.07266666666666667, 0.05, 0.028816986855409503, 0.017220172201722016, 0.03225806451612903, 0.2], "G2_groups": [[1, 10], [10, 20], [20, 30], [30, 40], [40, 50], [50, 60], [60, 70], [70, 80], [80, 100]]}