{"G1_valid_rates": [0.675098814229249, 0.614, 0.57, 0.4056666666666667, 0.204, 0.13245702730030334, 0.11562115621156212, 0.08387096774193549, 0.0], "G1_sp_rates": [0.6656126482213439, 0.5776666666666667, 0.472, 0.26766666666666666, 0.08433333333333333, 0.014661274014155713, 0.0036900369003690036, 0.0, 0.0], "G1_groups": [[1, 10], [10, 20], [20, 30], [30, 40], [40, 50], [50, 60], [60, 70], [70, 80], [80, 100]], "G2_valid_rates": [0.675098814229249, 0.614, 0.57, 0.4056666666666667, 0.204, 0.13245702730030334, 0.11562115621156212, 0.08387096774193549, 0.0], "G2_sp_rates": [0.6656126482213439, 0.5776666666666667, 0.472, 0.26766666666666666, 0.08433333333333333, 0.014661274014155713, 0.0036900369003690036, 0.0, 0.0], "G2_groups": [[1, 10], [10, 20], [20, 30], [30, 40], [40, 50], [50, 60], [60, 70], [70, 80], [80, 100]]}