{"G1_valid_rates": [0.6292490118577075, 0.658, 0.617, 0.4673333333333333, 0.30366666666666664, 0.2633973710819009, 0.24108241082410825, 0.2129032258064516, 0.4], "G1_sp_rates": [0.3422924901185771, 0.365, 0.2653333333333333, 0.15833333333333333, 0.079, 0.023255813953488372, 0.012300123001230012, 0.012903225806451613, 0.0], "G1_groups": [[1, 10], [10, 20], [20, 30], [30, 40], [40, 50], [50, 60], [60, 70], [70, 80], [80, 100]], "G2_valid_rates": [0.6292490118577075, 0.658, 0.617, 0.4673333333333333, 0.30366666666666664, 0.2633973710819009, 0.24108241082410825, 0.2129032258064516, 0.4], "G2_sp_rates": [0.3422924901185771, 0.365, 0.2653333333333333, 0.15833333333333333, 0.079, 0.023255813953488372, 0.012300123001230012, 0.012903225806451613, 0.0], "G2_groups": [[1, 10], [10, 20], [20, 30], [30, 40], [40, 50], [50, 60], [60, 70], [70, 80], [80, 100]]}