{"G1_valid_rates": [0.6363636363636364, 0.745, 0.6943333333333334, 0.5946666666666667, 0.43233333333333335, 0.44843276036400403, 0.40836408364083643, 0.3032258064516129, 0.4], "G1_sp_rates": [0.48300395256916995, 0.5983333333333334, 0.48133333333333334, 0.32466666666666666, 0.17966666666666667, 0.09251769464105157, 0.04305043050430504, 0.012903225806451613, 0.0], "G1_groups": [[1, 10], [10, 20], [20, 30], [30, 40], [40, 50], [50, 60], [60, 70], [70, 80], [80, 100]], "G2_valid_rates": [0.6363636363636364, 0.745, 0.6943333333333334, 0.5946666666666667, 0.43233333333333335, 0.44843276036400403, 0.40836408364083643, 0.3032258064516129, 0.4], "G2_sp_rates": [0.48300395256916995, 0.5983333333333334, 0.48133333333333334, 0.32466666666666666, 0.17966666666666667, 0.09251769464105157, 0.04305043050430504, 0.012903225806451613, 0.0], "G2_groups": [[1, 10], [10, 20], [20, 30], [30, 40], [40, 50], [50, 60], [60, 70], [70, 80], [80, 100]]}