{"G1_valid_rates": [0.9928853754940712, 0.9873333333333333, 0.9733333333333334, 0.8293333333333334, 0.6423333333333333, 0.5530839231547017, 0.39114391143911437, 0.2903225806451613, 0.0], "G1_sp_rates": [0.9565217391304348, 0.9153333333333333, 0.8186666666666667, 0.5646666666666667, 0.3416666666666667, 0.1506572295247725, 0.05289052890528905, 0.025806451612903226, 0.0], "G1_groups": [[1, 10], [10, 20], [20, 30], [30, 40], [40, 50], [50, 60], [60, 70], [70, 80], [80, 100]], "G2_valid_rates": [0.9928853754940712, 0.9873333333333333, 0.9733333333333334, 0.8293333333333334, 0.6423333333333333, 0.5530839231547017, 0.39114391143911437, 0.2903225806451613, 0.0], "G2_sp_rates": [0.9565217391304348, 0.9153333333333333, 0.8186666666666667, 0.5646666666666667, 0.3416666666666667, 0.1506572295247725, 0.05289052890528905, 0.025806451612903226, 0.0], "G2_groups": [[1, 10], [10, 20], [20, 30], [30, 40], [40, 50], [50, 60], [60, 70], [70, 80], [80, 100]]}