{"G1_valid_rates": [0.9778656126482214, 0.9716666666666667, 0.944, 0.83, 0.67, 0.5985844287158746, 0.4969249692496925, 0.3935483870967742, 0.4], "G1_sp_rates": [0.9312252964426877, 0.8993333333333333, 0.811, 0.5916666666666667, 0.377, 0.1870576339737108, 0.07626076260762607, 0.03870967741935484, 0.0], "G1_groups": [[1, 10], [10, 20], [20, 30], [30, 40], [40, 50], [50, 60], [60, 70], [70, 80], [80, 100]], "G2_valid_rates": [0.9778656126482214, 0.9716666666666667, 0.944, 0.83, 0.67, 0.5985844287158746, 0.4969249692496925, 0.3935483870967742, 0.4], "G2_sp_rates": [0.9312252964426877, 0.8993333333333333, 0.811, 0.5916666666666667, 0.377, 0.1870576339737108, 0.07626076260762607, 0.03870967741935484, 0.0], "G2_groups": [[1, 10], [10, 20], [20, 30], [30, 40], [40, 50], [50, 60], [60, 70], [70, 80], [80, 100]]}