{"G1_valid_rates": [0.6102766798418973, 0.6533333333333333, 0.6253333333333333, 0.49866666666666665, 0.3963333333333333, 0.3948432760364004, 0.36531365313653136, 0.36774193548387096, 0.0], "G1_sp_rates": [0.3841897233201581, 0.4696666666666667, 0.3433333333333333, 0.23033333333333333, 0.13133333333333333, 0.0621840242669363, 0.02214022140221402, 0.012903225806451613, 0.0], "G1_groups": [[1, 10], [10, 20], [20, 30], [30, 40], [40, 50], [50, 60], [60, 70], [70, 80], [80, 100]], "G2_valid_rates": [0.6102766798418973, 0.6533333333333333, 0.6253333333333333, 0.49866666666666665, 0.3963333333333333, 0.3948432760364004, 0.36531365313653136, 0.36774193548387096, 0.0], "G2_sp_rates": [0.3841897233201581, 0.4696666666666667, 0.3433333333333333, 0.23033333333333333, 0.13133333333333333, 0.0621840242669363, 0.02214022140221402, 0.012903225806451613, 0.0], "G2_groups": [[1, 10], [10, 20], [20, 30], [30, 40], [40, 50], [50, 60], [60, 70], [70, 80], [80, 100]]}