{"G1_valid_rates": [0.9920948616600791, 0.9796666666666667, 0.9223333333333333, 0.826, 0.742, 0.7669362992922144, 0.7515375153751538, 0.7935483870967742, 0.4], "G1_sp_rates": [0.9707509881422924, 0.8863333333333333, 0.7023333333333334, 0.48433333333333334, 0.323, 0.24469160768452983, 0.19557195571955718, 0.15483870967741936, 0.2], "G1_groups": [[1, 10], [10, 20], [20, 30], [30, 40], [40, 50], [50, 60], [60, 70], [70, 80], [80, 100]], "G2_valid_rates": [0.9920948616600791, 0.9796666666666667, 0.9223333333333333, 0.826, 0.742, 0.7669362992922144, 0.7515375153751538, 0.7935483870967742, 0.4], "G2_sp_rates": [0.9707509881422924, 0.8863333333333333, 0.7023333333333334, 0.48433333333333334, 0.323, 0.24469160768452983, 0.19557195571955718, 0.15483870967741936, 0.2], "G2_groups": [[1, 10], [10, 20], [20, 30], [30, 40], [40, 50], [50, 60], [60, 70], [70, 80], [80, 100]]}