{"G1_valid_rates": [0.8822134387351779, 0.8613333333333333, 0.8226666666666667, 0.65, 0.43666666666666665, 0.34327603640040444, 0.22632226322263221, 0.15483870967741936, 0.0], "G1_sp_rates": [0.8703557312252964, 0.8123333333333334, 0.7113333333333334, 0.43366666666666664, 0.19833333333333333, 0.06976744186046512, 0.02706027060270603, 0.0, 0.0], "G1_groups": [[1, 10], [10, 20], [20, 30], [30, 40], [40, 50], [50, 60], [60, 70], [70, 80], [80, 100]], "G2_valid_rates": [0.8822134387351779, 0.8613333333333333, 0.8226666666666667, 0.65, 0.43666666666666665, 0.34327603640040444, 0.22632226322263221, 0.15483870967741936, 0.0], "G2_sp_rates": [0.8703557312252964, 0.8123333333333334, 0.7113333333333334, 0.43366666666666664, 0.19833333333333333, 0.06976744186046512, 0.02706027060270603, 0.0, 0.0], "G2_groups": [[1, 10], [10, 20], [20, 30], [30, 40], [40, 50], [50, 60], [60, 70], [70, 80], [80, 100]]}