{"G1_valid_rates": [0.2837944664031621, 0.26966666666666667, 0.2673333333333333, 0.23066666666666666, 0.215, 0.27906976744186046, 0.3173431734317343, 0.25161290322580643, 0.6], "G1_sp_rates": [0.05059288537549407, 0.09833333333333333, 0.08433333333333333, 0.08133333333333333, 0.06466666666666666, 0.033367037411526794, 0.02214022140221402, 0.012903225806451613, 0.2], "G1_groups": [[1, 10], [10, 20], [20, 30], [30, 40], [40, 50], [50, 60], [60, 70], [70, 80], [80, 100]], "G2_valid_rates": [0.2837944664031621, 0.26966666666666667, 0.2673333333333333, 0.23066666666666666, 0.215, 0.27906976744186046, 0.3173431734317343, 0.25161290322580643, 0.6], "G2_sp_rates": [0.05059288537549407, 0.09833333333333333, 0.08433333333333333, 0.08133333333333333, 0.06466666666666666, 0.033367037411526794, 0.02214022140221402, 0.012903225806451613, 0.2], "G2_groups": [[1, 10], [10, 20], [20, 30], [30, 40], [40, 50], [50, 60], [60, 70], [70, 80], [80, 100]]}