{"G1_valid_rates": [0.9905138339920949, 0.987, 0.9756666666666667, 0.9333333333333333, 0.8773333333333333, 0.8634984833164813, 0.8118081180811808, 0.8387096774193549, 0.6], "G1_sp_rates": [0.9644268774703557, 0.931, 0.8513333333333334, 0.699, 0.4806666666666667, 0.2649140546006067, 0.14022140221402213, 0.08387096774193549, 0.0], "G1_groups": [[1, 10], [10, 20], [20, 30], [30, 40], [40, 50], [50, 60], [60, 70], [70, 80], [80, 100]], "G2_valid_rates": [0.9905138339920949, 0.987, 0.9756666666666667, 0.9333333333333333, 0.8773333333333333, 0.8634984833164813, 0.8118081180811808, 0.8387096774193549, 0.6], "G2_sp_rates": [0.9644268774703557, 0.931, 0.8513333333333334, 0.699, 0.4806666666666667, 0.2649140546006067, 0.14022140221402213, 0.08387096774193549, 0.0], "G2_groups": [[1, 10], [10, 20], [20, 30], [30, 40], [40, 50], [50, 60], [60, 70], [70, 80], [80, 100]]}