{"G1_valid_rates": [0.966798418972332, 0.962, 0.936, 0.8016666666666666, 0.6253333333333333, 0.538928210313448, 0.45633456334563344, 0.3870967741935484, 0.0], "G1_sp_rates": [0.8877470355731225, 0.8623333333333333, 0.759, 0.535, 0.3343333333333333, 0.1653185035389282, 0.07380073800738007, 0.07096774193548387, 0.0], "G1_groups": [[1, 10], [10, 20], [20, 30], [30, 40], [40, 50], [50, 60], [60, 70], [70, 80], [80, 100]], "G2_valid_rates": [0.966798418972332, 0.962, 0.936, 0.8016666666666666, 0.6253333333333333, 0.538928210313448, 0.45633456334563344, 0.3870967741935484, 0.0], "G2_sp_rates": [0.8877470355731225, 0.8623333333333333, 0.759, 0.535, 0.3343333333333333, 0.1653185035389282, 0.07380073800738007, 0.07096774193548387, 0.0], "G2_groups": [[1, 10], [10, 20], [20, 30], [30, 40], [40, 50], [50, 60], [60, 70], [70, 80], [80, 100]]}