{"G1_valid_rates": [0.9818181818181818, 0.9813333333333333, 0.9503333333333334, 0.8873333333333333, 0.777, 0.723963599595551, 0.6629766297662977, 0.4645161290322581, 0.4], "G1_sp_rates": [0.9596837944664032, 0.9266666666666666, 0.85, 0.6603333333333333, 0.41933333333333334, 0.21739130434782608, 0.0959409594095941, 0.03870967741935484, 0.0], "G1_groups": [[1, 10], [10, 20], [20, 30], [30, 40], [40, 50], [50, 60], [60, 70], [70, 80], [80, 100]], "G2_valid_rates": [0.9818181818181818, 0.9813333333333333, 0.9503333333333334, 0.8873333333333333, 0.777, 0.723963599595551, 0.6629766297662977, 0.4645161290322581, 0.4], "G2_sp_rates": [0.9596837944664032, 0.9266666666666666, 0.85, 0.6603333333333333, 0.41933333333333334, 0.21739130434782608, 0.0959409594095941, 0.03870967741935484, 0.0], "G2_groups": [[1, 10], [10, 20], [20, 30], [30, 40], [40, 50], [50, 60], [60, 70], [70, 80], [80, 100]]}