{"G1_valid_rates": [0.9865612648221344, 0.943, 0.8126666666666666, 0.747, 0.7536666666666667, 0.7947421638018201, 0.7982779827798278, 0.8193548387096774, 1.0], "G1_sp_rates": [0.9573122529644269, 0.796, 0.5173333333333333, 0.31633333333333336, 0.24833333333333332, 0.17340748230535896, 0.12792127921279212, 0.08387096774193549, 0.4], "G1_groups": [[1, 10], [10, 20], [20, 30], [30, 40], [40, 50], [50, 60], [60, 70], [70, 80], [80, 100]], "G2_valid_rates": [0.9865612648221344, 0.943, 0.8126666666666666, 0.747, 0.7536666666666667, 0.7947421638018201, 0.7982779827798278, 0.8193548387096774, 1.0], "G2_sp_rates": [0.9573122529644269, 0.796, 0.5173333333333333, 0.31633333333333336, 0.24833333333333332, 0.17340748230535896, 0.12792127921279212, 0.08387096774193549, 0.4], "G2_groups": [[1, 10], [10, 20], [20, 30], [30, 40], [40, 50], [50, 60], [60, 70], [70, 80], [80, 100]]}