{"G1_valid_rates": [0.9335968379446641, 0.939, 0.875, 0.6543333333333333, 0.415, 0.2866531850353893, 0.2201722017220172, 0.1935483870967742, 0.2], "G1_sp_rates": [0.8679841897233201, 0.839, 0.702, 0.44666666666666666, 0.206, 0.07836198179979778, 0.024600246002460024, 0.01935483870967742, 0.0], "G1_groups": [[1, 10], [10, 20], [20, 30], [30, 40], [40, 50], [50, 60], [60, 70], [70, 80], [80, 100]], "G2_valid_rates": [0.9335968379446641, 0.939, 0.875, 0.6543333333333333, 0.415, 0.2866531850353893, 0.2201722017220172, 0.1935483870967742, 0.2], "G2_sp_rates": [0.8679841897233201, 0.839, 0.702, 0.44666666666666666, 0.206, 0.07836198179979778, 0.024600246002460024, 0.01935483870967742, 0.0], "G2_groups": [[1, 10], [10, 20], [20, 30], [30, 40], [40, 50], [50, 60], [60, 70], [70, 80], [80, 100]]}