{"G1_valid_rates": [0.9944664031620554, 0.9926666666666667, 0.9626666666666667, 0.797, 0.592, 0.4878665318503539, 0.2976629766297663, 0.25161290322580643, 0.4], "G1_sp_rates": [0.966798418972332, 0.9403333333333334, 0.861, 0.581, 0.32033333333333336, 0.13296258847320525, 0.04428044280442804, 0.03225806451612903, 0.0], "G1_groups": [[1, 10], [10, 20], [20, 30], [30, 40], [40, 50], [50, 60], [60, 70], [70, 80], [80, 100]], "G2_valid_rates": [0.9944664031620554, 0.9926666666666667, 0.9626666666666667, 0.797, 0.592, 0.4878665318503539, 0.2976629766297663, 0.25161290322580643, 0.4], "G2_sp_rates": [0.966798418972332, 0.9403333333333334, 0.861, 0.581, 0.32033333333333336, 0.13296258847320525, 0.04428044280442804, 0.03225806451612903, 0.0], "G2_groups": [[1, 10], [10, 20], [20, 30], [30, 40], [40, 50], [50, 60], [60, 70], [70, 80], [80, 100]]}