{"G1_valid_rates": [0.9905138339920949, 0.9706666666666667, 0.905, 0.8296666666666667, 0.7746666666666666, 0.7401415571284126, 0.7035670356703567, 0.7354838709677419, 0.2], "G1_sp_rates": [0.958102766798419, 0.8466666666666667, 0.6543333333333333, 0.44633333333333336, 0.306, 0.20677451971688574, 0.16359163591635917, 0.14193548387096774, 0.0], "G1_groups": [[1, 10], [10, 20], [20, 30], [30, 40], [40, 50], [50, 60], [60, 70], [70, 80], [80, 100]], "G2_valid_rates": [0.9905138339920949, 0.9706666666666667, 0.905, 0.8296666666666667, 0.7746666666666666, 0.7401415571284126, 0.7035670356703567, 0.7354838709677419, 0.2], "G2_sp_rates": [0.958102766798419, 0.8466666666666667, 0.6543333333333333, 0.44633333333333336, 0.306, 0.20677451971688574, 0.16359163591635917, 0.14193548387096774, 0.0], "G2_groups": [[1, 10], [10, 20], [20, 30], [30, 40], [40, 50], [50, 60], [60, 70], [70, 80], [80, 100]]}