{"G1_valid_rates": [0.9754940711462451, 0.976, 0.9566666666666667, 0.8223333333333334, 0.6376666666666667, 0.5556117290192113, 0.44280442804428044, 0.34838709677419355, 0.4], "G1_sp_rates": [0.9359683794466404, 0.9106666666666666, 0.8196666666666667, 0.5823333333333334, 0.345, 0.16582406471183014, 0.05043050430504305, 0.025806451612903226, 0.0], "G1_groups": [[1, 10], [10, 20], [20, 30], [30, 40], [40, 50], [50, 60], [60, 70], [70, 80], [80, 100]], "G2_valid_rates": [0.9754940711462451, 0.976, 0.9566666666666667, 0.8223333333333334, 0.6376666666666667, 0.5556117290192113, 0.44280442804428044, 0.34838709677419355, 0.4], "G2_sp_rates": [0.9359683794466404, 0.9106666666666666, 0.8196666666666667, 0.5823333333333334, 0.345, 0.16582406471183014, 0.05043050430504305, 0.025806451612903226, 0.0], "G2_groups": [[1, 10], [10, 20], [20, 30], [30, 40], [40, 50], [50, 60], [60, 70], [70, 80], [80, 100]]}