{"G1_valid_rates": [0.9936758893280633, 0.9863333333333333, 0.9593333333333334, 0.792, 0.6176666666666667, 0.5364004044489383, 0.3886838868388684, 0.3096774193548387, 0.0], "G1_sp_rates": [0.9754940711462451, 0.9463333333333334, 0.854, 0.5766666666666667, 0.32466666666666666, 0.1597573306370071, 0.056580565805658053, 0.03225806451612903, 0.0], "G1_groups": [[1, 10], [10, 20], [20, 30], [30, 40], [40, 50], [50, 60], [60, 70], [70, 80], [80, 100]], "G2_valid_rates": [0.9936758893280633, 0.9863333333333333, 0.9593333333333334, 0.792, 0.6176666666666667, 0.5364004044489383, 0.3886838868388684, 0.3096774193548387, 0.0], "G2_sp_rates": [0.9754940711462451, 0.9463333333333334, 0.854, 0.5766666666666667, 0.32466666666666666, 0.1597573306370071, 0.056580565805658053, 0.03225806451612903, 0.0], "G2_groups": [[1, 10], [10, 20], [20, 30], [30, 40], [40, 50], [50, 60], [60, 70], [70, 80], [80, 100]]}