{"G1_valid_rates": [0.8766798418972332, 0.876, 0.8226666666666667, 0.6436666666666667, 0.43933333333333335, 0.38169868554095043, 0.33210332103321033, 0.32903225806451614, 0.0], "G1_sp_rates": [0.6845849802371542, 0.679, 0.5476666666666666, 0.3243333333333333, 0.14633333333333334, 0.05358948432760364, 0.014760147601476014, 0.0, 0.0], "G1_groups": [[1, 10], [10, 20], [20, 30], [30, 40], [40, 50], [50, 60], [60, 70], [70, 80], [80, 100]], "G2_valid_rates": [0.8766798418972332, 0.876, 0.8226666666666667, 0.6436666666666667, 0.43933333333333335, 0.38169868554095043, 0.33210332103321033, 0.32903225806451614, 0.0], "G2_sp_rates": [0.6845849802371542, 0.679, 0.5476666666666666, 0.3243333333333333, 0.14633333333333334, 0.05358948432760364, 0.014760147601476014, 0.0, 0.0], "G2_groups": [[1, 10], [10, 20], [20, 30], [30, 40], [40, 50], [50, 60], [60, 70], [70, 80], [80, 100]]}