{"G1_valid_rates": [0.9565217391304348, 0.9506666666666667, 0.928, 0.8043333333333333, 0.6553333333333333, 0.5980788675429727, 0.5239852398523985, 0.45806451612903226, 0.6], "G1_sp_rates": [0.8482213438735178, 0.8363333333333334, 0.7363333333333333, 0.5176666666666667, 0.31733333333333336, 0.15621840242669363, 0.08364083640836409, 0.06451612903225806, 0.2], "G1_groups": [[1, 10], [10, 20], [20, 30], [30, 40], [40, 50], [50, 60], [60, 70], [70, 80], [80, 100]], "G2_valid_rates": [0.9565217391304348, 0.9506666666666667, 0.928, 0.8043333333333333, 0.6553333333333333, 0.5980788675429727, 0.5239852398523985, 0.45806451612903226, 0.6], "G2_sp_rates": [0.8482213438735178, 0.8363333333333334, 0.7363333333333333, 0.5176666666666667, 0.31733333333333336, 0.15621840242669363, 0.08364083640836409, 0.06451612903225806, 0.2], "G2_groups": [[1, 10], [10, 20], [20, 30], [30, 40], [40, 50], [50, 60], [60, 70], [70, 80], [80, 100]]}