{"G1_valid_rates": [0.6948616600790514, 0.701, 0.6583333333333333, 0.503, 0.37666666666666665, 0.29979777553083925, 0.3038130381303813, 0.3032258064516129, 0.2], "G1_sp_rates": [0.33043478260869563, 0.384, 0.28633333333333333, 0.186, 0.094, 0.0358948432760364, 0.006150061500615006, 0.0, 0.0], "G1_groups": [[1, 10], [10, 20], [20, 30], [30, 40], [40, 50], [50, 60], [60, 70], [70, 80], [80, 100]], "G2_valid_rates": [0.6948616600790514, 0.701, 0.6583333333333333, 0.503, 0.37666666666666665, 0.29979777553083925, 0.3038130381303813, 0.3032258064516129, 0.2], "G2_sp_rates": [0.33043478260869563, 0.384, 0.28633333333333333, 0.186, 0.094, 0.0358948432760364, 0.006150061500615006, 0.0, 0.0], "G2_groups": [[1, 10], [10, 20], [20, 30], [30, 40], [40, 50], [50, 60], [60, 70], [70, 80], [80, 100]]}