{"G1_valid_rates": [0.9968379446640316, 0.987, 0.9783333333333334, 0.8416666666666667, 0.6706666666666666, 0.6122345803842265, 0.5092250922509225, 0.33548387096774196, 0.0], "G1_sp_rates": [0.9683794466403162, 0.926, 0.8503333333333334, 0.5943333333333334, 0.32566666666666666, 0.15015166835187058, 0.06273062730627306, 0.012903225806451613, 0.0], "G1_groups": [[1, 10], [10, 20], [20, 30], [30, 40], [40, 50], [50, 60], [60, 70], [70, 80], [80, 100]], "G2_valid_rates": [0.9968379446640316, 0.987, 0.9783333333333334, 0.8416666666666667, 0.6706666666666666, 0.6122345803842265, 0.5092250922509225, 0.33548387096774196, 0.0], "G2_sp_rates": [0.9683794466403162, 0.926, 0.8503333333333334, 0.5943333333333334, 0.32566666666666666, 0.15015166835187058, 0.06273062730627306, 0.012903225806451613, 0.0], "G2_groups": [[1, 10], [10, 20], [20, 30], [30, 40], [40, 50], [50, 60], [60, 70], [70, 80], [80, 100]]}