{"G1_valid_rates": [0.9818181818181818, 0.9713333333333334, 0.9393333333333334, 0.7926666666666666, 0.6063333333333333, 0.5010111223458038, 0.3333333333333333, 0.3032258064516129, 0.2], "G1_sp_rates": [0.9407114624505929, 0.9096666666666666, 0.812, 0.5776666666666667, 0.3496666666666667, 0.16329625884732052, 0.04428044280442804, 0.01935483870967742, 0.0], "G1_groups": [[1, 10], [10, 20], [20, 30], [30, 40], [40, 50], [50, 60], [60, 70], [70, 80], [80, 100]], "G2_valid_rates": [0.9818181818181818, 0.9713333333333334, 0.9393333333333334, 0.7926666666666666, 0.6063333333333333, 0.5010111223458038, 0.3333333333333333, 0.3032258064516129, 0.2], "G2_sp_rates": [0.9407114624505929, 0.9096666666666666, 0.812, 0.5776666666666667, 0.3496666666666667, 0.16329625884732052, 0.04428044280442804, 0.01935483870967742, 0.0], "G2_groups": [[1, 10], [10, 20], [20, 30], [30, 40], [40, 50], [50, 60], [60, 70], [70, 80], [80, 100]]}