{"G1_valid_rates": [0.9802371541501976, 0.9433333333333334, 0.8623333333333333, 0.8046666666666666, 0.8066666666666666, 0.839737108190091, 0.8474784747847478, 0.7935483870967742, 0.8], "G1_sp_rates": [0.9320158102766798, 0.839, 0.684, 0.5563333333333333, 0.5263333333333333, 0.4914054600606673, 0.44157441574415746, 0.45806451612903226, 0.4], "G1_groups": [[1, 10], [10, 20], [20, 30], [30, 40], [40, 50], [50, 60], [60, 70], [70, 80], [80, 100]], "G2_valid_rates": [0.9802371541501976, 0.9433333333333334, 0.8623333333333333, 0.8046666666666666, 0.8066666666666666, 0.839737108190091, 0.8474784747847478, 0.7935483870967742, 0.8], "G2_sp_rates": [0.9320158102766798, 0.839, 0.684, 0.5563333333333333, 0.5263333333333333, 0.4914054600606673, 0.44157441574415746, 0.45806451612903226, 0.4], "G2_groups": [[1, 10], [10, 20], [20, 30], [30, 40], [40, 50], [50, 60], [60, 70], [70, 80], [80, 100]]}