{"G1_valid_rates": [0.9952569169960475, 0.9926666666666667, 0.9763333333333334, 0.8606666666666667, 0.669, 0.5904954499494439, 0.4059040590405904, 0.3032258064516129, 0.4], "G1_sp_rates": [0.9778656126482214, 0.9443333333333334, 0.8673333333333333, 0.627, 0.352, 0.15824064711830133, 0.04428044280442804, 0.025806451612903226, 0.0], "G1_groups": [[1, 10], [10, 20], [20, 30], [30, 40], [40, 50], [50, 60], [60, 70], [70, 80], [80, 100]], "G2_valid_rates": [0.9952569169960475, 0.9926666666666667, 0.9763333333333334, 0.8606666666666667, 0.669, 0.5904954499494439, 0.4059040590405904, 0.3032258064516129, 0.4], "G2_sp_rates": [0.9778656126482214, 0.9443333333333334, 0.8673333333333333, 0.627, 0.352, 0.15824064711830133, 0.04428044280442804, 0.025806451612903226, 0.0], "G2_groups": [[1, 10], [10, 20], [20, 30], [30, 40], [40, 50], [50, 60], [60, 70], [70, 80], [80, 100]]}