{"G1_valid_rates": [0.2940711462450593, 0.256, 0.258, 0.21, 0.185, 0.21385237613751265, 0.26322263222632225, 0.2709677419354839, 0.4], "G1_sp_rates": [0.05533596837944664, 0.109, 0.08966666666666667, 0.078, 0.05466666666666667, 0.028816986855409503, 0.02214022140221402, 0.03870967741935484, 0.2], "G1_groups": [[1, 10], [10, 20], [20, 30], [30, 40], [40, 50], [50, 60], [60, 70], [70, 80], [80, 100]], "G2_valid_rates": [0.2940711462450593, 0.256, 0.258, 0.21, 0.185, 0.21385237613751265, 0.26322263222632225, 0.2709677419354839, 0.4], "G2_sp_rates": [0.05533596837944664, 0.109, 0.08966666666666667, 0.078, 0.05466666666666667, 0.028816986855409503, 0.02214022140221402, 0.03870967741935484, 0.2], "G2_groups": [[1, 10], [10, 20], [20, 30], [30, 40], [40, 50], [50, 60], [60, 70], [70, 80], [80, 100]]}