{"G1_valid_rates": [0.9185770750988143, 0.911, 0.8656666666666667, 0.7193333333333334, 0.521, 0.4403437815975733, 0.3813038130381304, 0.25806451612903225, 0.6], "G1_sp_rates": [0.8513833992094861, 0.8003333333333333, 0.6853333333333333, 0.4703333333333333, 0.234, 0.0839231547017189, 0.038130381303813035, 0.01935483870967742, 0.0], "G1_groups": [[1, 10], [10, 20], [20, 30], [30, 40], [40, 50], [50, 60], [60, 70], [70, 80], [80, 100]], "G2_valid_rates": [0.9185770750988143, 0.911, 0.8656666666666667, 0.7193333333333334, 0.521, 0.4403437815975733, 0.3813038130381304, 0.25806451612903225, 0.6], "G2_sp_rates": [0.8513833992094861, 0.8003333333333333, 0.6853333333333333, 0.4703333333333333, 0.234, 0.0839231547017189, 0.038130381303813035, 0.01935483870967742, 0.0], "G2_groups": [[1, 10], [10, 20], [20, 30], [30, 40], [40, 50], [50, 60], [60, 70], [70, 80], [80, 100]]}