{"G1_valid_rates": [0.9873517786561264, 0.9783333333333334, 0.961, 0.8423333333333334, 0.674, 0.5879676440849343, 0.46740467404674046, 0.34838709677419355, 0.2], "G1_sp_rates": [0.9256916996047431, 0.9046666666666666, 0.8256666666666667, 0.599, 0.37166666666666665, 0.17745197168857432, 0.05412054120541206, 0.04516129032258064, 0.0], "G1_groups": [[1, 10], [10, 20], [20, 30], [30, 40], [40, 50], [50, 60], [60, 70], [70, 80], [80, 100]], "G2_valid_rates": [0.9873517786561264, 0.9783333333333334, 0.961, 0.8423333333333334, 0.674, 0.5879676440849343, 0.46740467404674046, 0.34838709677419355, 0.2], "G2_sp_rates": [0.9256916996047431, 0.9046666666666666, 0.8256666666666667, 0.599, 0.37166666666666665, 0.17745197168857432, 0.05412054120541206, 0.04516129032258064, 0.0], "G2_groups": [[1, 10], [10, 20], [20, 30], [30, 40], [40, 50], [50, 60], [60, 70], [70, 80], [80, 100]]}