{"G1_valid_rates": [0.46561264822134385, 0.5106666666666667, 0.498, 0.4146666666666667, 0.3333333333333333, 0.3685540950455005, 0.42558425584255843, 0.43870967741935485, 0.2], "G1_sp_rates": [0.19288537549407114, 0.30566666666666664, 0.22933333333333333, 0.17533333333333334, 0.10033333333333333, 0.052072800808897875, 0.024600246002460024, 0.01935483870967742, 0.0], "G1_groups": [[1, 10], [10, 20], [20, 30], [30, 40], [40, 50], [50, 60], [60, 70], [70, 80], [80, 100]], "G2_valid_rates": [0.46561264822134385, 0.5106666666666667, 0.498, 0.4146666666666667, 0.3333333333333333, 0.3685540950455005, 0.42558425584255843, 0.43870967741935485, 0.2], "G2_sp_rates": [0.19288537549407114, 0.30566666666666664, 0.22933333333333333, 0.17533333333333334, 0.10033333333333333, 0.052072800808897875, 0.024600246002460024, 0.01935483870967742, 0.0], "G2_groups": [[1, 10], [10, 20], [20, 30], [30, 40], [40, 50], [50, 60], [60, 70], [70, 80], [80, 100]]}