{"G1_valid_rates": [0.9533596837944665, 0.9496666666666667, 0.935, 0.7663333333333333, 0.5616666666666666, 0.43073811931243683, 0.3296432964329643, 0.3032258064516129, 0.0], "G1_sp_rates": [0.9067193675889328, 0.8896666666666667, 0.7976666666666666, 0.529, 0.2966666666666667, 0.1319514661274014, 0.03936039360393604, 0.025806451612903226, 0.0], "G1_groups": [[1, 10], [10, 20], [20, 30], [30, 40], [40, 50], [50, 60], [60, 70], [70, 80], [80, 100]], "G2_valid_rates": [0.9533596837944665, 0.9496666666666667, 0.935, 0.7663333333333333, 0.5616666666666666, 0.43073811931243683, 0.3296432964329643, 0.3032258064516129, 0.0], "G2_sp_rates": [0.9067193675889328, 0.8896666666666667, 0.7976666666666666, 0.529, 0.2966666666666667, 0.1319514661274014, 0.03936039360393604, 0.025806451612903226, 0.0], "G2_groups": [[1, 10], [10, 20], [20, 30], [30, 40], [40, 50], [50, 60], [60, 70], [70, 80], [80, 100]]}