{"G1_valid_rates": [0.4553359683794466, 0.5003333333333333, 0.4683333333333333, 0.36666666666666664, 0.2813333333333333, 0.22345803842264914, 0.1943419434194342, 0.18064516129032257, 0.4], "G1_sp_rates": [0.08221343873517786, 0.118, 0.10033333333333333, 0.077, 0.04566666666666667, 0.020222446916076844, 0.0036900369003690036, 0.0064516129032258064, 0.2], "G1_groups": [[1, 10], [10, 20], [20, 30], [30, 40], [40, 50], [50, 60], [60, 70], [70, 80], [80, 100]], "G2_valid_rates": [0.4553359683794466, 0.5003333333333333, 0.4683333333333333, 0.36666666666666664, 0.2813333333333333, 0.22345803842264914, 0.1943419434194342, 0.18064516129032257, 0.4], "G2_sp_rates": [0.08221343873517786, 0.118, 0.10033333333333333, 0.077, 0.04566666666666667, 0.020222446916076844, 0.0036900369003690036, 0.0064516129032258064, 0.2], "G2_groups": [[1, 10], [10, 20], [20, 30], [30, 40], [40, 50], [50, 60], [60, 70], [70, 80], [80, 100]]}