{"G1_valid_rates": [0.9826086956521739, 0.97, 0.9393333333333334, 0.801, 0.599, 0.5217391304347826, 0.3899138991389914, 0.34838709677419355, 0.4], "G1_sp_rates": [0.9209486166007905, 0.8936666666666667, 0.7976666666666666, 0.576, 0.3466666666666667, 0.160262891809909, 0.06027060270602706, 0.03225806451612903, 0.2], "G1_groups": [[1, 10], [10, 20], [20, 30], [30, 40], [40, 50], [50, 60], [60, 70], [70, 80], [80, 100]], "G2_valid_rates": [0.9826086956521739, 0.97, 0.9393333333333334, 0.801, 0.599, 0.5217391304347826, 0.3899138991389914, 0.34838709677419355, 0.4], "G2_sp_rates": [0.9209486166007905, 0.8936666666666667, 0.7976666666666666, 0.576, 0.3466666666666667, 0.160262891809909, 0.06027060270602706, 0.03225806451612903, 0.2], "G2_groups": [[1, 10], [10, 20], [20, 30], [30, 40], [40, 50], [50, 60], [60, 70], [70, 80], [80, 100]]}