{"G1_valid_rates": [0.9525691699604744, 0.949, 0.9373333333333334, 0.7973333333333333, 0.616, 0.531850353892821, 0.4157441574415744, 0.33548387096774196, 0.2], "G1_sp_rates": [0.899604743083004, 0.8753333333333333, 0.7876666666666666, 0.5453333333333333, 0.31566666666666665, 0.15267947421638017, 0.06273062730627306, 0.03870967741935484, 0.0], "G1_groups": [[1, 10], [10, 20], [20, 30], [30, 40], [40, 50], [50, 60], [60, 70], [70, 80], [80, 100]], "G2_valid_rates": [0.9525691699604744, 0.949, 0.9373333333333334, 0.7973333333333333, 0.616, 0.531850353892821, 0.4157441574415744, 0.33548387096774196, 0.2], "G2_sp_rates": [0.899604743083004, 0.8753333333333333, 0.7876666666666666, 0.5453333333333333, 0.31566666666666665, 0.15267947421638017, 0.06273062730627306, 0.03870967741935484, 0.0], "G2_groups": [[1, 10], [10, 20], [20, 30], [30, 40], [40, 50], [50, 60], [60, 70], [70, 80], [80, 100]]}