{"G1_valid_rates": [0.6964426877470355, 0.69, 0.6386666666666667, 0.5053333333333333, 0.3426666666666667, 0.30535894843276035, 0.3013530135301353, 0.2967741935483871, 0.4], "G1_sp_rates": [0.42845849802371544, 0.432, 0.3333333333333333, 0.2, 0.09266666666666666, 0.029828109201213347, 0.00984009840098401, 0.01935483870967742, 0.0], "G1_groups": [[1, 10], [10, 20], [20, 30], [30, 40], [40, 50], [50, 60], [60, 70], [70, 80], [80, 100]], "G2_valid_rates": [0.6964426877470355, 0.69, 0.6386666666666667, 0.5053333333333333, 0.3426666666666667, 0.30535894843276035, 0.3013530135301353, 0.2967741935483871, 0.4], "G2_sp_rates": [0.42845849802371544, 0.432, 0.3333333333333333, 0.2, 0.09266666666666666, 0.029828109201213347, 0.00984009840098401, 0.01935483870967742, 0.0], "G2_groups": [[1, 10], [10, 20], [20, 30], [30, 40], [40, 50], [50, 60], [60, 70], [70, 80], [80, 100]]}