{"G1_valid_rates": [0.841106719367589, 0.8443333333333334, 0.7993333333333333, 0.6766666666666666, 0.5313333333333333, 0.48179979777553084, 0.44649446494464945, 0.3870967741935484, 0.6], "G1_sp_rates": [0.6719367588932806, 0.6876666666666666, 0.572, 0.391, 0.22966666666666666, 0.09757330637007078, 0.041820418204182044, 0.01935483870967742, 0.2], "G1_groups": [[1, 10], [10, 20], [20, 30], [30, 40], [40, 50], [50, 60], [60, 70], [70, 80], [80, 100]], "G2_valid_rates": [0.841106719367589, 0.8443333333333334, 0.7993333333333333, 0.6766666666666666, 0.5313333333333333, 0.48179979777553084, 0.44649446494464945, 0.3870967741935484, 0.6], "G2_sp_rates": [0.6719367588932806, 0.6876666666666666, 0.572, 0.391, 0.22966666666666666, 0.09757330637007078, 0.041820418204182044, 0.01935483870967742, 0.2], "G2_groups": [[1, 10], [10, 20], [20, 30], [30, 40], [40, 50], [50, 60], [60, 70], [70, 80], [80, 100]]}