{"G1_valid_rates": [0.958102766798419, 0.9493333333333334, 0.9326666666666666, 0.7883333333333333, 0.5963333333333334, 0.5414560161779576, 0.4218942189421894, 0.3870967741935484, 0.0], "G1_sp_rates": [0.8292490118577075, 0.8316666666666667, 0.7213333333333334, 0.49366666666666664, 0.2966666666666667, 0.13498483316481294, 0.04305043050430504, 0.03225806451612903, 0.0], "G1_groups": [[1, 10], [10, 20], [20, 30], [30, 40], [40, 50], [50, 60], [60, 70], [70, 80], [80, 100]], "G2_valid_rates": [0.958102766798419, 0.9493333333333334, 0.9326666666666666, 0.7883333333333333, 0.5963333333333334, 0.5414560161779576, 0.4218942189421894, 0.3870967741935484, 0.0], "G2_sp_rates": [0.8292490118577075, 0.8316666666666667, 0.7213333333333334, 0.49366666666666664, 0.2966666666666667, 0.13498483316481294, 0.04305043050430504, 0.03225806451612903, 0.0], "G2_groups": [[1, 10], [10, 20], [20, 30], [30, 40], [40, 50], [50, 60], [60, 70], [70, 80], [80, 100]]}