{"G1_valid_rates": [0.9936758893280633, 0.989, 0.9753333333333334, 0.809, 0.5736666666666667, 0.4544994944388271, 0.26199261992619927, 0.23870967741935484, 0.2], "G1_sp_rates": [0.9652173913043478, 0.9323333333333333, 0.854, 0.5763333333333334, 0.31033333333333335, 0.13094034378159758, 0.03690036900369004, 0.03225806451612903, 0.0], "G1_groups": [[1, 10], [10, 20], [20, 30], [30, 40], [40, 50], [50, 60], [60, 70], [70, 80], [80, 100]], "G2_valid_rates": [0.9936758893280633, 0.989, 0.9753333333333334, 0.809, 0.5736666666666667, 0.4544994944388271, 0.26199261992619927, 0.23870967741935484, 0.2], "G2_sp_rates": [0.9652173913043478, 0.9323333333333333, 0.854, 0.5763333333333334, 0.31033333333333335, 0.13094034378159758, 0.03690036900369004, 0.03225806451612903, 0.0], "G2_groups": [[1, 10], [10, 20], [20, 30], [30, 40], [40, 50], [50, 60], [60, 70], [70, 80], [80, 100]]}