{"G1_valid_rates": [0.9541501976284585, 0.9573333333333334, 0.917, 0.715, 0.5336666666666666, 0.4929221435793731, 0.3936039360393604, 0.34838709677419355, 0.2], "G1_sp_rates": [0.9154150197628459, 0.871, 0.768, 0.49233333333333335, 0.2683333333333333, 0.0955510616784631, 0.03444034440344403, 0.0064516129032258064, 0.0], "G1_groups": [[1, 10], [10, 20], [20, 30], [30, 40], [40, 50], [50, 60], [60, 70], [70, 80], [80, 100]], "G2_valid_rates": [0.9541501976284585, 0.9573333333333334, 0.917, 0.715, 0.5336666666666666, 0.4929221435793731, 0.3936039360393604, 0.34838709677419355, 0.2], "G2_sp_rates": [0.9154150197628459, 0.871, 0.768, 0.49233333333333335, 0.2683333333333333, 0.0955510616784631, 0.03444034440344403, 0.0064516129032258064, 0.0], "G2_groups": [[1, 10], [10, 20], [20, 30], [30, 40], [40, 50], [50, 60], [60, 70], [70, 80], [80, 100]]}