{"G1_valid_rates": [0.9818181818181818, 0.9713333333333334, 0.9486666666666667, 0.8143333333333334, 0.6283333333333333, 0.5551061678463094, 0.4046740467404674, 0.3548387096774194, 0.4], "G1_sp_rates": [0.9138339920948617, 0.8946666666666667, 0.8063333333333333, 0.5853333333333334, 0.36033333333333334, 0.16430738119312438, 0.05289052890528905, 0.01935483870967742, 0.2], "G1_groups": [[1, 10], [10, 20], [20, 30], [30, 40], [40, 50], [50, 60], [60, 70], [70, 80], [80, 100]], "G2_valid_rates": [0.9818181818181818, 0.9713333333333334, 0.9486666666666667, 0.8143333333333334, 0.6283333333333333, 0.5551061678463094, 0.4046740467404674, 0.3548387096774194, 0.4], "G2_sp_rates": [0.9138339920948617, 0.8946666666666667, 0.8063333333333333, 0.5853333333333334, 0.36033333333333334, 0.16430738119312438, 0.05289052890528905, 0.01935483870967742, 0.2], "G2_groups": [[1, 10], [10, 20], [20, 30], [30, 40], [40, 50], [50, 60], [60, 70], [70, 80], [80, 100]]}