{"G1_valid_rates": [0.2276679841897233, 0.27066666666666667, 0.3243333333333333, 0.304, 0.30666666666666664, 0.37664307381193124, 0.2779827798277983, 0.25161290322580643, 0.0], "G1_sp_rates": [0.021343873517786563, 0.07133333333333333, 0.06133333333333333, 0.059333333333333335, 0.043, 0.028816986855409503, 0.015990159901599015, 0.01935483870967742, 0.0], "G1_groups": [[1, 10], [10, 20], [20, 30], [30, 40], [40, 50], [50, 60], [60, 70], [70, 80], [80, 100]], "G2_valid_rates": [0.2276679841897233, 0.27066666666666667, 0.3243333333333333, 0.304, 0.30666666666666664, 0.37664307381193124, 0.2779827798277983, 0.25161290322580643, 0.0], "G2_sp_rates": [0.021343873517786563, 0.07133333333333333, 0.06133333333333333, 0.059333333333333335, 0.043, 0.028816986855409503, 0.015990159901599015, 0.01935483870967742, 0.0], "G2_groups": [[1, 10], [10, 20], [20, 30], [30, 40], [40, 50], [50, 60], [60, 70], [70, 80], [80, 100]]}