{"G1_valid_rates": [0.9897233201581027, 0.973, 0.909, 0.8433333333333334, 0.802, 0.7487360970677452, 0.7084870848708487, 0.7161290322580646, 0.4], "G1_sp_rates": [0.9565217391304348, 0.8456666666666667, 0.6636666666666666, 0.4706666666666667, 0.3396666666666667, 0.2123356926188069, 0.15129151291512916, 0.14193548387096774, 0.2], "G1_groups": [[1, 10], [10, 20], [20, 30], [30, 40], [40, 50], [50, 60], [60, 70], [70, 80], [80, 100]], "G2_valid_rates": [0.9897233201581027, 0.973, 0.909, 0.8433333333333334, 0.802, 0.7487360970677452, 0.7084870848708487, 0.7161290322580646, 0.4], "G2_sp_rates": [0.9565217391304348, 0.8456666666666667, 0.6636666666666666, 0.4706666666666667, 0.3396666666666667, 0.2123356926188069, 0.15129151291512916, 0.14193548387096774, 0.2], "G2_groups": [[1, 10], [10, 20], [20, 30], [30, 40], [40, 50], [50, 60], [60, 70], [70, 80], [80, 100]]}