{"G1_valid_rates": [0.2592885375494071, 0.26766666666666666, 0.2906666666666667, 0.265, 0.25266666666666665, 0.3367037411526795, 0.4108241082410824, 0.36129032258064514, 0.4], "G1_sp_rates": [0.048221343873517786, 0.101, 0.083, 0.07333333333333333, 0.051666666666666666, 0.03134479271991911, 0.015990159901599015, 0.012903225806451613, 0.2], "G1_groups": [[1, 10], [10, 20], [20, 30], [30, 40], [40, 50], [50, 60], [60, 70], [70, 80], [80, 100]], "G2_valid_rates": [0.2592885375494071, 0.26766666666666666, 0.2906666666666667, 0.265, 0.25266666666666665, 0.3367037411526795, 0.4108241082410824, 0.36129032258064514, 0.4], "G2_sp_rates": [0.048221343873517786, 0.101, 0.083, 0.07333333333333333, 0.051666666666666666, 0.03134479271991911, 0.015990159901599015, 0.012903225806451613, 0.2], "G2_groups": [[1, 10], [10, 20], [20, 30], [30, 40], [40, 50], [50, 60], [60, 70], [70, 80], [80, 100]]}