{"G1_valid_rates": [0.9905138339920949, 0.9826666666666667, 0.9713333333333334, 0.9516666666666667, 0.9176666666666666, 0.8736097067745198, 0.8400984009840098, 0.7677419354838709, 0.6], "G1_sp_rates": [0.9620553359683794, 0.924, 0.8596666666666667, 0.7266666666666667, 0.513, 0.2775530839231547, 0.1795817958179582, 0.10967741935483871, 0.2], "G1_groups": [[1, 10], [10, 20], [20, 30], [30, 40], [40, 50], [50, 60], [60, 70], [70, 80], [80, 100]], "G2_valid_rates": [0.9905138339920949, 0.9826666666666667, 0.9713333333333334, 0.9516666666666667, 0.9176666666666666, 0.8736097067745198, 0.8400984009840098, 0.7677419354838709, 0.6], "G2_sp_rates": [0.9620553359683794, 0.924, 0.8596666666666667, 0.7266666666666667, 0.513, 0.2775530839231547, 0.1795817958179582, 0.10967741935483871, 0.2], "G2_groups": [[1, 10], [10, 20], [20, 30], [30, 40], [40, 50], [50, 60], [60, 70], [70, 80], [80, 100]]}