{"G1_valid_rates": [0.20632411067193676, 0.263, 0.262, 0.22833333333333333, 0.25066666666666665, 0.3442871587462083, 0.4132841328413284, 0.2903225806451613, 0.2], "G1_sp_rates": [0.034782608695652174, 0.09333333333333334, 0.07333333333333333, 0.073, 0.048, 0.03083923154701719, 0.008610086100861008, 0.012903225806451613, 0.2], "G1_groups": [[1, 10], [10, 20], [20, 30], [30, 40], [40, 50], [50, 60], [60, 70], [70, 80], [80, 100]], "G2_valid_rates": [0.20632411067193676, 0.263, 0.262, 0.22833333333333333, 0.25066666666666665, 0.3442871587462083, 0.4132841328413284, 0.2903225806451613, 0.2], "G2_sp_rates": [0.034782608695652174, 0.09333333333333334, 0.07333333333333333, 0.073, 0.048, 0.03083923154701719, 0.008610086100861008, 0.012903225806451613, 0.2], "G2_groups": [[1, 10], [10, 20], [20, 30], [30, 40], [40, 50], [50, 60], [60, 70], [70, 80], [80, 100]]}