{"G1_valid_rates": [0.6592885375494071, 0.6546666666666666, 0.6033333333333334, 0.44633333333333336, 0.2813333333333333, 0.237108190091001, 0.1931119311193112, 0.16774193548387098, 0.2], "G1_sp_rates": [0.3438735177865613, 0.346, 0.255, 0.172, 0.071, 0.020728008088978768, 0.008610086100861008, 0.0064516129032258064, 0.0], "G1_groups": [[1, 10], [10, 20], [20, 30], [30, 40], [40, 50], [50, 60], [60, 70], [70, 80], [80, 100]], "G2_valid_rates": [0.6592885375494071, 0.6546666666666666, 0.6033333333333334, 0.44633333333333336, 0.2813333333333333, 0.237108190091001, 0.1931119311193112, 0.16774193548387098, 0.2], "G2_sp_rates": [0.3438735177865613, 0.346, 0.255, 0.172, 0.071, 0.020728008088978768, 0.008610086100861008, 0.0064516129032258064, 0.0], "G2_groups": [[1, 10], [10, 20], [20, 30], [30, 40], [40, 50], [50, 60], [60, 70], [70, 80], [80, 100]]}