{"G1_valid_rates": [0.991304347826087, 0.9813333333333333, 0.96, 0.923, 0.9, 0.8766430738119313, 0.8585485854858549, 0.8774193548387097, 0.6], "G1_sp_rates": [0.9486166007905138, 0.897, 0.7816666666666666, 0.6566666666666666, 0.5386666666666666, 0.31294236602628916, 0.18696186961869618, 0.2, 0.2], "G1_groups": [[1, 10], [10, 20], [20, 30], [30, 40], [40, 50], [50, 60], [60, 70], [70, 80], [80, 100]], "G2_valid_rates": [0.991304347826087, 0.9813333333333333, 0.96, 0.923, 0.9, 0.8766430738119313, 0.8585485854858549, 0.8774193548387097, 0.6], "G2_sp_rates": [0.9486166007905138, 0.897, 0.7816666666666666, 0.6566666666666666, 0.5386666666666666, 0.31294236602628916, 0.18696186961869618, 0.2, 0.2], "G2_groups": [[1, 10], [10, 20], [20, 30], [30, 40], [40, 50], [50, 60], [60, 70], [70, 80], [80, 100]]}