{"G1_valid_rates": [0.9826086956521739, 0.9403333333333334, 0.8033333333333333, 0.733, 0.741, 0.7133468149646107, 0.6888068880688807, 0.7483870967741936, 1.0], "G1_sp_rates": [0.9486166007905138, 0.809, 0.571, 0.3873333333333333, 0.3586666666666667, 0.2724974721941355, 0.1980319803198032, 0.2129032258064516, 0.6], "G1_groups": [[1, 10], [10, 20], [20, 30], [30, 40], [40, 50], [50, 60], [60, 70], [70, 80], [80, 100]], "G2_valid_rates": [0.9826086956521739, 0.9403333333333334, 0.8033333333333333, 0.733, 0.741, 0.7133468149646107, 0.6888068880688807, 0.7483870967741936, 1.0], "G2_sp_rates": [0.9486166007905138, 0.809, 0.571, 0.3873333333333333, 0.3586666666666667, 0.2724974721941355, 0.1980319803198032, 0.2129032258064516, 0.6], "G2_groups": [[1, 10], [10, 20], [20, 30], [30, 40], [40, 50], [50, 60], [60, 70], [70, 80], [80, 100]]}