{"G1_valid_rates": [0.9478260869565217, 0.949, 0.914, 0.751, 0.5393333333333333, 0.43124368048533873, 0.2964329643296433, 0.17419354838709677, 0.2], "G1_sp_rates": [0.8877470355731225, 0.8703333333333333, 0.7846666666666666, 0.523, 0.2876666666666667, 0.1268958543983822, 0.038130381303813035, 0.0064516129032258064, 0.0], "G1_groups": [[1, 10], [10, 20], [20, 30], [30, 40], [40, 50], [50, 60], [60, 70], [70, 80], [80, 100]], "G2_valid_rates": [0.9478260869565217, 0.949, 0.914, 0.751, 0.5393333333333333, 0.43124368048533873, 0.2964329643296433, 0.17419354838709677, 0.2], "G2_sp_rates": [0.8877470355731225, 0.8703333333333333, 0.7846666666666666, 0.523, 0.2876666666666667, 0.1268958543983822, 0.038130381303813035, 0.0064516129032258064, 0.0], "G2_groups": [[1, 10], [10, 20], [20, 30], [30, 40], [40, 50], [50, 60], [60, 70], [70, 80], [80, 100]]}