{"G1_valid_rates": [0.9865612648221344, 0.9776666666666667, 0.9513333333333334, 0.9283333333333333, 0.9053333333333333, 0.8690596562184024, 0.8179581795817958, 0.8516129032258064, 0.8], "G1_sp_rates": [0.9541501976284585, 0.9086666666666666, 0.8203333333333334, 0.7243333333333334, 0.5983333333333334, 0.352376137512639, 0.2115621156211562, 0.17419354838709677, 0.2], "G1_groups": [[1, 10], [10, 20], [20, 30], [30, 40], [40, 50], [50, 60], [60, 70], [70, 80], [80, 100]], "G2_valid_rates": [0.9865612648221344, 0.9776666666666667, 0.9513333333333334, 0.9283333333333333, 0.9053333333333333, 0.8690596562184024, 0.8179581795817958, 0.8516129032258064, 0.8], "G2_sp_rates": [0.9541501976284585, 0.9086666666666666, 0.8203333333333334, 0.7243333333333334, 0.5983333333333334, 0.352376137512639, 0.2115621156211562, 0.17419354838709677, 0.2], "G2_groups": [[1, 10], [10, 20], [20, 30], [30, 40], [40, 50], [50, 60], [60, 70], [70, 80], [80, 100]]}