{"G1_valid_rates": [0.9873517786561264, 0.989, 0.9626666666666667, 0.8403333333333334, 0.6676666666666666, 0.6056622851365016, 0.45141451414514144, 0.3741935483870968, 0.2], "G1_sp_rates": [0.966798418972332, 0.9333333333333333, 0.8433333333333334, 0.6073333333333333, 0.36866666666666664, 0.18301314459049545, 0.06396063960639606, 0.05806451612903226, 0.0], "G1_groups": [[1, 10], [10, 20], [20, 30], [30, 40], [40, 50], [50, 60], [60, 70], [70, 80], [80, 100]], "G2_valid_rates": [0.9873517786561264, 0.989, 0.9626666666666667, 0.8403333333333334, 0.6676666666666666, 0.6056622851365016, 0.45141451414514144, 0.3741935483870968, 0.2], "G2_sp_rates": [0.966798418972332, 0.9333333333333333, 0.8433333333333334, 0.6073333333333333, 0.36866666666666664, 0.18301314459049545, 0.06396063960639606, 0.05806451612903226, 0.0], "G2_groups": [[1, 10], [10, 20], [20, 30], [30, 40], [40, 50], [50, 60], [60, 70], [70, 80], [80, 100]]}