{"G1_valid_rates": [0.991304347826087, 0.9846666666666667, 0.952, 0.812, 0.631, 0.5525783619817998, 0.41697416974169743, 0.41935483870967744, 0.2], "G1_sp_rates": [0.9636363636363636, 0.9296666666666666, 0.825, 0.5603333333333333, 0.30133333333333334, 0.14256825075834176, 0.06273062730627306, 0.03225806451612903, 0.2], "G1_groups": [[1, 10], [10, 20], [20, 30], [30, 40], [40, 50], [50, 60], [60, 70], [70, 80], [80, 100]], "G2_valid_rates": [0.991304347826087, 0.9846666666666667, 0.952, 0.812, 0.631, 0.5525783619817998, 0.41697416974169743, 0.41935483870967744, 0.2], "G2_sp_rates": [0.9636363636363636, 0.9296666666666666, 0.825, 0.5603333333333333, 0.30133333333333334, 0.14256825075834176, 0.06273062730627306, 0.03225806451612903, 0.2], "G2_groups": [[1, 10], [10, 20], [20, 30], [30, 40], [40, 50], [50, 60], [60, 70], [70, 80], [80, 100]]}