{"G1_valid_rates": [0.8031620553359684, 0.7656666666666667, 0.714, 0.5493333333333333, 0.31266666666666665, 0.2224469160768453, 0.1943419434194342, 0.14193548387096774, 0.0], "G1_sp_rates": [0.7897233201581028, 0.7196666666666667, 0.6256666666666667, 0.375, 0.14466666666666667, 0.03134479271991911, 0.012300123001230012, 0.0, 0.0], "G1_groups": [[1, 10], [10, 20], [20, 30], [30, 40], [40, 50], [50, 60], [60, 70], [70, 80], [80, 100]], "G2_valid_rates": [0.8031620553359684, 0.7656666666666667, 0.714, 0.5493333333333333, 0.31266666666666665, 0.2224469160768453, 0.1943419434194342, 0.14193548387096774, 0.0], "G2_sp_rates": [0.7897233201581028, 0.7196666666666667, 0.6256666666666667, 0.375, 0.14466666666666667, 0.03134479271991911, 0.012300123001230012, 0.0, 0.0], "G2_groups": [[1, 10], [10, 20], [20, 30], [30, 40], [40, 50], [50, 60], [60, 70], [70, 80], [80, 100]]}