{"G1_valid_rates": [0.9794466403162055, 0.9033333333333333, 0.7483333333333333, 0.698, 0.7216666666666667, 0.7214357937310415, 0.7232472324723247, 0.7806451612903226, 0.6], "G1_sp_rates": [0.9312252964426877, 0.709, 0.44333333333333336, 0.28933333333333333, 0.23233333333333334, 0.16380182002022245, 0.11562115621156212, 0.0967741935483871, 0.2], "G1_groups": [[1, 10], [10, 20], [20, 30], [30, 40], [40, 50], [50, 60], [60, 70], [70, 80], [80, 100]], "G2_valid_rates": [0.9794466403162055, 0.9033333333333333, 0.7483333333333333, 0.698, 0.7216666666666667, 0.7214357937310415, 0.7232472324723247, 0.7806451612903226, 0.6], "G2_sp_rates": [0.9312252964426877, 0.709, 0.44333333333333336, 0.28933333333333333, 0.23233333333333334, 0.16380182002022245, 0.11562115621156212, 0.0967741935483871, 0.2], "G2_groups": [[1, 10], [10, 20], [20, 30], [30, 40], [40, 50], [50, 60], [60, 70], [70, 80], [80, 100]]}