{"G1_valid_rates": [0.9905138339920949, 0.9863333333333333, 0.9706666666666667, 0.8776666666666667, 0.774, 0.7775530839231547, 0.6666666666666666, 0.5612903225806452, 0.0], "G1_sp_rates": [0.9723320158102767, 0.9443333333333334, 0.877, 0.679, 0.4513333333333333, 0.2730030333670374, 0.14637146371463713, 0.06451612903225806, 0.0], "G1_groups": [[1, 10], [10, 20], [20, 30], [30, 40], [40, 50], [50, 60], [60, 70], [70, 80], [80, 100]], "G2_valid_rates": [0.9905138339920949, 0.9863333333333333, 0.9706666666666667, 0.8776666666666667, 0.774, 0.7775530839231547, 0.6666666666666666, 0.5612903225806452, 0.0], "G2_sp_rates": [0.9723320158102767, 0.9443333333333334, 0.877, 0.679, 0.4513333333333333, 0.2730030333670374, 0.14637146371463713, 0.06451612903225806, 0.0], "G2_groups": [[1, 10], [10, 20], [20, 30], [30, 40], [40, 50], [50, 60], [60, 70], [70, 80], [80, 100]]}