{"G1_valid_rates": [0.9549407114624506, 0.9413333333333334, 0.9203333333333333, 0.7723333333333333, 0.588, 0.519211324570273, 0.4108241082410824, 0.36129032258064514, 0.2], "G1_sp_rates": [0.8173913043478261, 0.8196666666666667, 0.723, 0.49033333333333334, 0.2926666666666667, 0.1365015166835187, 0.05781057810578106, 0.03225806451612903, 0.2], "G1_groups": [[1, 10], [10, 20], [20, 30], [30, 40], [40, 50], [50, 60], [60, 70], [70, 80], [80, 100]], "G2_valid_rates": [0.9549407114624506, 0.9413333333333334, 0.9203333333333333, 0.7723333333333333, 0.588, 0.519211324570273, 0.4108241082410824, 0.36129032258064514, 0.2], "G2_sp_rates": [0.8173913043478261, 0.8196666666666667, 0.723, 0.49033333333333334, 0.2926666666666667, 0.1365015166835187, 0.05781057810578106, 0.03225806451612903, 0.2], "G2_groups": [[1, 10], [10, 20], [20, 30], [30, 40], [40, 50], [50, 60], [60, 70], [70, 80], [80, 100]]}