{"G1_valid_rates": [0.9841897233201581, 0.974, 0.9563333333333334, 0.8496666666666667, 0.693, 0.6445904954499494, 0.5264452644526445, 0.45161290322580644, 0.4], "G1_sp_rates": [0.9422924901185771, 0.9026666666666666, 0.8253333333333334, 0.6183333333333333, 0.39, 0.19868554095045501, 0.07380073800738007, 0.04516129032258064, 0.0], "G1_groups": [[1, 10], [10, 20], [20, 30], [30, 40], [40, 50], [50, 60], [60, 70], [70, 80], [80, 100]], "G2_valid_rates": [0.9841897233201581, 0.974, 0.9563333333333334, 0.8496666666666667, 0.693, 0.6445904954499494, 0.5264452644526445, 0.45161290322580644, 0.4], "G2_sp_rates": [0.9422924901185771, 0.9026666666666666, 0.8253333333333334, 0.6183333333333333, 0.39, 0.19868554095045501, 0.07380073800738007, 0.04516129032258064, 0.0], "G2_groups": [[1, 10], [10, 20], [20, 30], [30, 40], [40, 50], [50, 60], [60, 70], [70, 80], [80, 100]]}