{"G1_valid_rates": [0.9936758893280633, 0.9836666666666667, 0.969, 0.8186666666666667, 0.6226666666666667, 0.5278058645096056, 0.35793357933579334, 0.2967741935483871, 0.2], "G1_sp_rates": [0.9715415019762846, 0.934, 0.8473333333333334, 0.5853333333333334, 0.33866666666666667, 0.15369059656218403, 0.04551045510455105, 0.03225806451612903, 0.0], "G1_groups": [[1, 10], [10, 20], [20, 30], [30, 40], [40, 50], [50, 60], [60, 70], [70, 80], [80, 100]], "G2_valid_rates": [0.9936758893280633, 0.9836666666666667, 0.969, 0.8186666666666667, 0.6226666666666667, 0.5278058645096056, 0.35793357933579334, 0.2967741935483871, 0.2], "G2_sp_rates": [0.9715415019762846, 0.934, 0.8473333333333334, 0.5853333333333334, 0.33866666666666667, 0.15369059656218403, 0.04551045510455105, 0.03225806451612903, 0.0], "G2_groups": [[1, 10], [10, 20], [20, 30], [30, 40], [40, 50], [50, 60], [60, 70], [70, 80], [80, 100]]}