{"G1_valid_rates": [0.958102766798419, 0.9546666666666667, 0.9326666666666666, 0.8053333333333333, 0.636, 0.538422649140546, 0.43419434194341944, 0.3225806451612903, 0.0], "G1_sp_rates": [0.892490118577075, 0.871, 0.7723333333333333, 0.5416666666666666, 0.31133333333333335, 0.14054600606673406, 0.04305043050430504, 0.01935483870967742, 0.0], "G1_groups": [[1, 10], [10, 20], [20, 30], [30, 40], [40, 50], [50, 60], [60, 70], [70, 80], [80, 100]], "G2_valid_rates": [0.958102766798419, 0.9546666666666667, 0.9326666666666666, 0.8053333333333333, 0.636, 0.538422649140546, 0.43419434194341944, 0.3225806451612903, 0.0], "G2_sp_rates": [0.892490118577075, 0.871, 0.7723333333333333, 0.5416666666666666, 0.31133333333333335, 0.14054600606673406, 0.04305043050430504, 0.01935483870967742, 0.0], "G2_groups": [[1, 10], [10, 20], [20, 30], [30, 40], [40, 50], [50, 60], [60, 70], [70, 80], [80, 100]]}