{"G1_valid_rates": [0.4671936758893281, 0.466, 0.44366666666666665, 0.347, 0.25566666666666665, 0.2639029322548028, 0.2829028290282903, 0.27741935483870966, 0.2], "G1_sp_rates": [0.10513833992094862, 0.15, 0.12, 0.08466666666666667, 0.048, 0.014155712841253791, 0.004920049200492005, 0.012903225806451613, 0.0], "G1_groups": [[1, 10], [10, 20], [20, 30], [30, 40], [40, 50], [50, 60], [60, 70], [70, 80], [80, 100]], "G2_valid_rates": [0.4671936758893281, 0.466, 0.44366666666666665, 0.347, 0.25566666666666665, 0.2639029322548028, 0.2829028290282903, 0.27741935483870966, 0.2], "G2_sp_rates": [0.10513833992094862, 0.15, 0.12, 0.08466666666666667, 0.048, 0.014155712841253791, 0.004920049200492005, 0.012903225806451613, 0.0], "G2_groups": [[1, 10], [10, 20], [20, 30], [30, 40], [40, 50], [50, 60], [60, 70], [70, 80], [80, 100]]}