{"G1_valid_rates": [0.9873517786561264, 0.9856666666666667, 0.9566666666666667, 0.7416666666666667, 0.5276666666666666, 0.37209302325581395, 0.24231242312423124, 0.1935483870967742, 0.0], "G1_sp_rates": [0.9573122529644269, 0.9313333333333333, 0.8336666666666667, 0.5403333333333333, 0.3, 0.10819009100101112, 0.03198031980319803, 0.03225806451612903, 0.0], "G1_groups": [[1, 10], [10, 20], [20, 30], [30, 40], [40, 50], [50, 60], [60, 70], [70, 80], [80, 100]], "G2_valid_rates": [0.9873517786561264, 0.9856666666666667, 0.9566666666666667, 0.7416666666666667, 0.5276666666666666, 0.37209302325581395, 0.24231242312423124, 0.1935483870967742, 0.0], "G2_sp_rates": [0.9573122529644269, 0.9313333333333333, 0.8336666666666667, 0.5403333333333333, 0.3, 0.10819009100101112, 0.03198031980319803, 0.03225806451612903, 0.0], "G2_groups": [[1, 10], [10, 20], [20, 30], [30, 40], [40, 50], [50, 60], [60, 70], [70, 80], [80, 100]]}