{"G1_valid_rates": [0.9889328063241106, 0.988, 0.9693333333333334, 0.823, 0.6363333333333333, 0.5156723963599595, 0.4009840098400984, 0.3225806451612903, 0.2], "G1_sp_rates": [0.9691699604743083, 0.9433333333333334, 0.8616666666666667, 0.604, 0.3373333333333333, 0.134479271991911, 0.04551045510455105, 0.04516129032258064, 0.0], "G1_groups": [[1, 10], [10, 20], [20, 30], [30, 40], [40, 50], [50, 60], [60, 70], [70, 80], [80, 100]], "G2_valid_rates": [0.9889328063241106, 0.988, 0.9693333333333334, 0.823, 0.6363333333333333, 0.5156723963599595, 0.4009840098400984, 0.3225806451612903, 0.2], "G2_sp_rates": [0.9691699604743083, 0.9433333333333334, 0.8616666666666667, 0.604, 0.3373333333333333, 0.134479271991911, 0.04551045510455105, 0.04516129032258064, 0.0], "G2_groups": [[1, 10], [10, 20], [20, 30], [30, 40], [40, 50], [50, 60], [60, 70], [70, 80], [80, 100]]}