{"G1_valid_rates": [0.9810276679841897, 0.975, 0.9546666666666667, 0.8296666666666667, 0.659, 0.5904954499494439, 0.4698646986469865, 0.36129032258064514, 0.6], "G1_sp_rates": [0.9462450592885375, 0.913, 0.8206666666666667, 0.5923333333333334, 0.365, 0.17492416582406473, 0.055350553505535055, 0.025806451612903226, 0.2], "G1_groups": [[1, 10], [10, 20], [20, 30], [30, 40], [40, 50], [50, 60], [60, 70], [70, 80], [80, 100]], "G2_valid_rates": [0.9810276679841897, 0.975, 0.9546666666666667, 0.8296666666666667, 0.659, 0.5904954499494439, 0.4698646986469865, 0.36129032258064514, 0.6], "G2_sp_rates": [0.9462450592885375, 0.913, 0.8206666666666667, 0.5923333333333334, 0.365, 0.17492416582406473, 0.055350553505535055, 0.025806451612903226, 0.2], "G2_groups": [[1, 10], [10, 20], [20, 30], [30, 40], [40, 50], [50, 60], [60, 70], [70, 80], [80, 100]]}