{"G1_valid_rates": [0.9660079051383399, 0.9556666666666667, 0.9303333333333333, 0.801, 0.605, 0.538928210313448, 0.4575645756457565, 0.3935483870967742, 0.2], "G1_sp_rates": [0.8395256916996048, 0.8306666666666667, 0.7286666666666667, 0.5073333333333333, 0.3016666666666667, 0.14155712841253792, 0.056580565805658053, 0.03225806451612903, 0.2], "G1_groups": [[1, 10], [10, 20], [20, 30], [30, 40], [40, 50], [50, 60], [60, 70], [70, 80], [80, 100]], "G2_valid_rates": [0.9660079051383399, 0.9556666666666667, 0.9303333333333333, 0.801, 0.605, 0.538928210313448, 0.4575645756457565, 0.3935483870967742, 0.2], "G2_sp_rates": [0.8395256916996048, 0.8306666666666667, 0.7286666666666667, 0.5073333333333333, 0.3016666666666667, 0.14155712841253792, 0.056580565805658053, 0.03225806451612903, 0.2], "G2_groups": [[1, 10], [10, 20], [20, 30], [30, 40], [40, 50], [50, 60], [60, 70], [70, 80], [80, 100]]}