{"G1_valid_rates": [0.9841897233201581, 0.973, 0.942, 0.796, 0.6, 0.5308392315470172, 0.39114391143911437, 0.3419354838709677, 0.4], "G1_sp_rates": [0.9146245059288538, 0.8866666666666667, 0.788, 0.5616666666666666, 0.3436666666666667, 0.160262891809909, 0.04920049200492005, 0.025806451612903226, 0.2], "G1_groups": [[1, 10], [10, 20], [20, 30], [30, 40], [40, 50], [50, 60], [60, 70], [70, 80], [80, 100]], "G2_valid_rates": [0.9841897233201581, 0.973, 0.942, 0.796, 0.6, 0.5308392315470172, 0.39114391143911437, 0.3419354838709677, 0.4], "G2_sp_rates": [0.9146245059288538, 0.8866666666666667, 0.788, 0.5616666666666666, 0.3436666666666667, 0.160262891809909, 0.04920049200492005, 0.025806451612903226, 0.2], "G2_groups": [[1, 10], [10, 20], [20, 30], [30, 40], [40, 50], [50, 60], [60, 70], [70, 80], [80, 100]]}