{"G1_valid_rates": [0.9225296442687747, 0.927, 0.895, 0.7716666666666666, 0.5663333333333334, 0.4949443882709808, 0.4071340713407134, 0.33548387096774196, 0.2], "G1_sp_rates": [0.8221343873517787, 0.8323333333333334, 0.7286666666666667, 0.5023333333333333, 0.27466666666666667, 0.14610717896865522, 0.06396063960639606, 0.025806451612903226, 0.0], "G1_groups": [[1, 10], [10, 20], [20, 30], [30, 40], [40, 50], [50, 60], [60, 70], [70, 80], [80, 100]], "G2_valid_rates": [0.9225296442687747, 0.927, 0.895, 0.7716666666666666, 0.5663333333333334, 0.4949443882709808, 0.4071340713407134, 0.33548387096774196, 0.2], "G2_sp_rates": [0.8221343873517787, 0.8323333333333334, 0.7286666666666667, 0.5023333333333333, 0.27466666666666667, 0.14610717896865522, 0.06396063960639606, 0.025806451612903226, 0.0], "G2_groups": [[1, 10], [10, 20], [20, 30], [30, 40], [40, 50], [50, 60], [60, 70], [70, 80], [80, 100]]}