{"G1_valid_rates": [0.9802371541501976, 0.9816666666666667, 0.921, 0.709, 0.505, 0.42264914054600605, 0.3370233702337023, 0.2903225806451613, 0.4], "G1_sp_rates": [0.9462450592885375, 0.9113333333333333, 0.791, 0.516, 0.283, 0.141051567239636, 0.06027060270602706, 0.04516129032258064, 0.0], "G1_groups": [[1, 10], [10, 20], [20, 30], [30, 40], [40, 50], [50, 60], [60, 70], [70, 80], [80, 100]], "G2_valid_rates": [0.9802371541501976, 0.9816666666666667, 0.921, 0.709, 0.505, 0.42264914054600605, 0.3370233702337023, 0.2903225806451613, 0.4], "G2_sp_rates": [0.9462450592885375, 0.9113333333333333, 0.791, 0.516, 0.283, 0.141051567239636, 0.06027060270602706, 0.04516129032258064, 0.0], "G2_groups": [[1, 10], [10, 20], [20, 30], [30, 40], [40, 50], [50, 60], [60, 70], [70, 80], [80, 100]]}