{"G1_valid_rates": [0.7059288537549407, 0.6896666666666667, 0.6423333333333333, 0.5083333333333333, 0.333, 0.29777553083923153, 0.2890528905289053, 0.2645161290322581, 0.4], "G1_sp_rates": [0.3486166007905138, 0.35, 0.24033333333333334, 0.14833333333333334, 0.077, 0.025278058645096056, 0.01107011070110701, 0.0, 0.0], "G1_groups": [[1, 10], [10, 20], [20, 30], [30, 40], [40, 50], [50, 60], [60, 70], [70, 80], [80, 100]], "G2_valid_rates": [0.7059288537549407, 0.6896666666666667, 0.6423333333333333, 0.5083333333333333, 0.333, 0.29777553083923153, 0.2890528905289053, 0.2645161290322581, 0.4], "G2_sp_rates": [0.3486166007905138, 0.35, 0.24033333333333334, 0.14833333333333334, 0.077, 0.025278058645096056, 0.01107011070110701, 0.0, 0.0], "G2_groups": [[1, 10], [10, 20], [20, 30], [30, 40], [40, 50], [50, 60], [60, 70], [70, 80], [80, 100]]}