{"G1_valid_rates": [0.391304347826087, 0.4226666666666667, 0.4003333333333333, 0.306, 0.232, 0.268958543983822, 0.2779827798277983, 0.2709677419354839, 0.6], "G1_sp_rates": [0.057707509881422925, 0.091, 0.071, 0.058666666666666666, 0.029666666666666668, 0.01314459049544995, 0.007380073800738007, 0.0064516129032258064, 0.2], "G1_groups": [[1, 10], [10, 20], [20, 30], [30, 40], [40, 50], [50, 60], [60, 70], [70, 80], [80, 100]], "G2_valid_rates": [0.391304347826087, 0.4226666666666667, 0.4003333333333333, 0.306, 0.232, 0.268958543983822, 0.2779827798277983, 0.2709677419354839, 0.6], "G2_sp_rates": [0.057707509881422925, 0.091, 0.071, 0.058666666666666666, 0.029666666666666668, 0.01314459049544995, 0.007380073800738007, 0.0064516129032258064, 0.2], "G2_groups": [[1, 10], [10, 20], [20, 30], [30, 40], [40, 50], [50, 60], [60, 70], [70, 80], [80, 100]]}