{"G1_valid_rates": [0.9628458498023715, 0.9606666666666667, 0.9406666666666667, 0.8006666666666666, 0.6113333333333333, 0.5217391304347826, 0.3948339483394834, 0.3032258064516129, 0.0], "G1_sp_rates": [0.9122529644268774, 0.8856666666666667, 0.7843333333333333, 0.5476666666666666, 0.33166666666666667, 0.15217391304347827, 0.05166051660516605, 0.03870967741935484, 0.0], "G1_groups": [[1, 10], [10, 20], [20, 30], [30, 40], [40, 50], [50, 60], [60, 70], [70, 80], [80, 100]], "G2_valid_rates": [0.9628458498023715, 0.9606666666666667, 0.9406666666666667, 0.8006666666666666, 0.6113333333333333, 0.5217391304347826, 0.3948339483394834, 0.3032258064516129, 0.0], "G2_sp_rates": [0.9122529644268774, 0.8856666666666667, 0.7843333333333333, 0.5476666666666666, 0.33166666666666667, 0.15217391304347827, 0.05166051660516605, 0.03870967741935484, 0.0], "G2_groups": [[1, 10], [10, 20], [20, 30], [30, 40], [40, 50], [50, 60], [60, 70], [70, 80], [80, 100]]}