{"G1_valid_rates": [0.7486166007905138, 0.7873333333333333, 0.734, 0.6473333333333333, 0.523, 0.4878665318503539, 0.46002460024600245, 0.4258064516129032, 0.0], "G1_sp_rates": [0.5802371541501976, 0.637, 0.5246666666666666, 0.35733333333333334, 0.21433333333333332, 0.08796764408493428, 0.03444034440344403, 0.03225806451612903, 0.0], "G1_groups": [[1, 10], [10, 20], [20, 30], [30, 40], [40, 50], [50, 60], [60, 70], [70, 80], [80, 100]], "G2_valid_rates": [0.7486166007905138, 0.7873333333333333, 0.734, 0.6473333333333333, 0.523, 0.4878665318503539, 0.46002460024600245, 0.4258064516129032, 0.0], "G2_sp_rates": [0.5802371541501976, 0.637, 0.5246666666666666, 0.35733333333333334, 0.21433333333333332, 0.08796764408493428, 0.03444034440344403, 0.03225806451612903, 0.0], "G2_groups": [[1, 10], [10, 20], [20, 30], [30, 40], [40, 50], [50, 60], [60, 70], [70, 80], [80, 100]]}