{"G1_valid_rates": [0.9296442687747035, 0.9336666666666666, 0.895, 0.7523333333333333, 0.5953333333333334, 0.5404448938321537, 0.46248462484624847, 0.38064516129032255, 0.6], "G1_sp_rates": [0.8276679841897233, 0.8116666666666666, 0.6946666666666667, 0.46366666666666667, 0.2643333333333333, 0.1319514661274014, 0.04059040590405904, 0.025806451612903226, 0.2], "G1_groups": [[1, 10], [10, 20], [20, 30], [30, 40], [40, 50], [50, 60], [60, 70], [70, 80], [80, 100]], "G2_valid_rates": [0.9296442687747035, 0.9336666666666666, 0.895, 0.7523333333333333, 0.5953333333333334, 0.5404448938321537, 0.46248462484624847, 0.38064516129032255, 0.6], "G2_sp_rates": [0.8276679841897233, 0.8116666666666666, 0.6946666666666667, 0.46366666666666667, 0.2643333333333333, 0.1319514661274014, 0.04059040590405904, 0.025806451612903226, 0.2], "G2_groups": [[1, 10], [10, 20], [20, 30], [30, 40], [40, 50], [50, 60], [60, 70], [70, 80], [80, 100]]}