{"G1_valid_rates": [0.9905138339920949, 0.982, 0.96, 0.798, 0.606, 0.5419615773508595, 0.3800738007380074, 0.2903225806451613, 0.0], "G1_sp_rates": [0.9652173913043478, 0.9226666666666666, 0.8346666666666667, 0.5803333333333334, 0.3463333333333333, 0.17037411526794743, 0.04797047970479705, 0.025806451612903226, 0.0], "G1_groups": [[1, 10], [10, 20], [20, 30], [30, 40], [40, 50], [50, 60], [60, 70], [70, 80], [80, 100]], "G2_valid_rates": [0.9905138339920949, 0.982, 0.96, 0.798, 0.606, 0.5419615773508595, 0.3800738007380074, 0.2903225806451613, 0.0], "G2_sp_rates": [0.9652173913043478, 0.9226666666666666, 0.8346666666666667, 0.5803333333333334, 0.3463333333333333, 0.17037411526794743, 0.04797047970479705, 0.025806451612903226, 0.0], "G2_groups": [[1, 10], [10, 20], [20, 30], [30, 40], [40, 50], [50, 60], [60, 70], [70, 80], [80, 100]]}