{"G1_valid_rates": [0.8909090909090909, 0.8936666666666667, 0.8113333333333334, 0.5746666666666667, 0.32233333333333336, 0.2320525783619818, 0.20418204182041821, 0.11612903225806452, 0.4], "G1_sp_rates": [0.8007905138339921, 0.7683333333333333, 0.5903333333333334, 0.34933333333333333, 0.124, 0.041456016177957536, 0.012300123001230012, 0.0064516129032258064, 0.2], "G1_groups": [[1, 10], [10, 20], [20, 30], [30, 40], [40, 50], [50, 60], [60, 70], [70, 80], [80, 100]], "G2_valid_rates": [0.8909090909090909, 0.8936666666666667, 0.8113333333333334, 0.5746666666666667, 0.32233333333333336, 0.2320525783619818, 0.20418204182041821, 0.11612903225806452, 0.4], "G2_sp_rates": [0.8007905138339921, 0.7683333333333333, 0.5903333333333334, 0.34933333333333333, 0.124, 0.041456016177957536, 0.012300123001230012, 0.0064516129032258064, 0.2], "G2_groups": [[1, 10], [10, 20], [20, 30], [30, 40], [40, 50], [50, 60], [60, 70], [70, 80], [80, 100]]}