{"G1_valid_rates": [0.9786561264822135, 0.9353333333333333, 0.8196666666666667, 0.7363333333333333, 0.7393333333333333, 0.7426693629929222, 0.7466174661746617, 0.7806451612903226, 1.0], "G1_sp_rates": [0.9399209486166008, 0.8263333333333334, 0.6313333333333333, 0.467, 0.44866666666666666, 0.37967644084934277, 0.3111931119311193, 0.38064516129032255, 0.6], "G1_groups": [[1, 10], [10, 20], [20, 30], [30, 40], [40, 50], [50, 60], [60, 70], [70, 80], [80, 100]], "G2_valid_rates": [0.9786561264822135, 0.9353333333333333, 0.8196666666666667, 0.7363333333333333, 0.7393333333333333, 0.7426693629929222, 0.7466174661746617, 0.7806451612903226, 1.0], "G2_sp_rates": [0.9399209486166008, 0.8263333333333334, 0.6313333333333333, 0.467, 0.44866666666666666, 0.37967644084934277, 0.3111931119311193, 0.38064516129032255, 0.6], "G2_groups": [[1, 10], [10, 20], [20, 30], [30, 40], [40, 50], [50, 60], [60, 70], [70, 80], [80, 100]]}