{"G1_valid_rates": [0.9826086956521739, 0.961, 0.9296666666666666, 0.795, 0.616, 0.5343781597573306, 0.4231242312423124, 0.38064516129032255, 0.4], "G1_sp_rates": [0.924901185770751, 0.885, 0.7896666666666666, 0.5746666666666667, 0.356, 0.1744186046511628, 0.07134071340713408, 0.03870967741935484, 0.2], "G1_groups": [[1, 10], [10, 20], [20, 30], [30, 40], [40, 50], [50, 60], [60, 70], [70, 80], [80, 100]], "G2_valid_rates": [0.9826086956521739, 0.961, 0.9296666666666666, 0.795, 0.616, 0.5343781597573306, 0.4231242312423124, 0.38064516129032255, 0.4], "G2_sp_rates": [0.924901185770751, 0.885, 0.7896666666666666, 0.5746666666666667, 0.356, 0.1744186046511628, 0.07134071340713408, 0.03870967741935484, 0.2], "G2_groups": [[1, 10], [10, 20], [20, 30], [30, 40], [40, 50], [50, 60], [60, 70], [70, 80], [80, 100]]}