{"G1_valid_rates": [0.8324110671936759, 0.865, 0.8326666666666667, 0.7063333333333334, 0.5206666666666667, 0.48887765419615775, 0.4354243542435424, 0.34838709677419355, 0.2], "G1_sp_rates": [0.7098814229249012, 0.7436666666666667, 0.6326666666666667, 0.42633333333333334, 0.23833333333333334, 0.10465116279069768, 0.03198031980319803, 0.01935483870967742, 0.0], "G1_groups": [[1, 10], [10, 20], [20, 30], [30, 40], [40, 50], [50, 60], [60, 70], [70, 80], [80, 100]], "G2_valid_rates": [0.8324110671936759, 0.865, 0.8326666666666667, 0.7063333333333334, 0.5206666666666667, 0.48887765419615775, 0.4354243542435424, 0.34838709677419355, 0.2], "G2_sp_rates": [0.7098814229249012, 0.7436666666666667, 0.6326666666666667, 0.42633333333333334, 0.23833333333333334, 0.10465116279069768, 0.03198031980319803, 0.01935483870967742, 0.0], "G2_groups": [[1, 10], [10, 20], [20, 30], [30, 40], [40, 50], [50, 60], [60, 70], [70, 80], [80, 100]]}