{"G1_valid_rates": [0.9731225296442688, 0.9573333333333334, 0.933, 0.798, 0.6243333333333333, 0.544994944388271, 0.4317343173431734, 0.36774193548387096, 0.2], "G1_sp_rates": [0.8537549407114624, 0.8333333333333334, 0.7186666666666667, 0.5013333333333333, 0.2936666666666667, 0.1319514661274014, 0.04428044280442804, 0.025806451612903226, 0.2], "G1_groups": [[1, 10], [10, 20], [20, 30], [30, 40], [40, 50], [50, 60], [60, 70], [70, 80], [80, 100]], "G2_valid_rates": [0.9731225296442688, 0.9573333333333334, 0.933, 0.798, 0.6243333333333333, 0.544994944388271, 0.4317343173431734, 0.36774193548387096, 0.2], "G2_sp_rates": [0.8537549407114624, 0.8333333333333334, 0.7186666666666667, 0.5013333333333333, 0.2936666666666667, 0.1319514661274014, 0.04428044280442804, 0.025806451612903226, 0.2], "G2_groups": [[1, 10], [10, 20], [20, 30], [30, 40], [40, 50], [50, 60], [60, 70], [70, 80], [80, 100]]}