{"G1_valid_rates": [0.9430830039525692, 0.9283333333333333, 0.865, 0.6986666666666667, 0.48533333333333334, 0.4373104145601618, 0.3923739237392374, 0.2645161290322581, 0.4], "G1_sp_rates": [0.8229249011857708, 0.7913333333333333, 0.649, 0.4026666666666667, 0.19433333333333333, 0.07532861476238625, 0.03198031980319803, 0.03225806451612903, 0.0], "G1_groups": [[1, 10], [10, 20], [20, 30], [30, 40], [40, 50], [50, 60], [60, 70], [70, 80], [80, 100]], "G2_valid_rates": [0.9430830039525692, 0.9283333333333333, 0.865, 0.6986666666666667, 0.48533333333333334, 0.4373104145601618, 0.3923739237392374, 0.2645161290322581, 0.4], "G2_sp_rates": [0.8229249011857708, 0.7913333333333333, 0.649, 0.4026666666666667, 0.19433333333333333, 0.07532861476238625, 0.03198031980319803, 0.03225806451612903, 0.0], "G2_groups": [[1, 10], [10, 20], [20, 30], [30, 40], [40, 50], [50, 60], [60, 70], [70, 80], [80, 100]]}