{"G1_valid_rates": [0.5873517786561265, 0.5926666666666667, 0.584, 0.4533333333333333, 0.31733333333333336, 0.3109201213346815, 0.2878228782287823, 0.33548387096774196, 0.2], "G1_sp_rates": [0.14861660079051384, 0.18866666666666668, 0.14133333333333334, 0.097, 0.05266666666666667, 0.021739130434782608, 0.006150061500615006, 0.0, 0.2], "G1_groups": [[1, 10], [10, 20], [20, 30], [30, 40], [40, 50], [50, 60], [60, 70], [70, 80], [80, 100]], "G2_valid_rates": [0.5873517786561265, 0.5926666666666667, 0.584, 0.4533333333333333, 0.31733333333333336, 0.3109201213346815, 0.2878228782287823, 0.33548387096774196, 0.2], "G2_sp_rates": [0.14861660079051384, 0.18866666666666668, 0.14133333333333334, 0.097, 0.05266666666666667, 0.021739130434782608, 0.006150061500615006, 0.0, 0.2], "G2_groups": [[1, 10], [10, 20], [20, 30], [30, 40], [40, 50], [50, 60], [60, 70], [70, 80], [80, 100]]}