{"G1_valid_rates": [0.40632411067193674, 0.4, 0.403, 0.327, 0.2623333333333333, 0.3195146612740142, 0.35670356703567035, 0.33548387096774196, 0.4], "G1_sp_rates": [0.0766798418972332, 0.10766666666666666, 0.08733333333333333, 0.06633333333333333, 0.043333333333333335, 0.01870576339737108, 0.008610086100861008, 0.0064516129032258064, 0.0], "G1_groups": [[1, 10], [10, 20], [20, 30], [30, 40], [40, 50], [50, 60], [60, 70], [70, 80], [80, 100]], "G2_valid_rates": [0.40632411067193674, 0.4, 0.403, 0.327, 0.2623333333333333, 0.3195146612740142, 0.35670356703567035, 0.33548387096774196, 0.4], "G2_sp_rates": [0.0766798418972332, 0.10766666666666666, 0.08733333333333333, 0.06633333333333333, 0.043333333333333335, 0.01870576339737108, 0.008610086100861008, 0.0064516129032258064, 0.0], "G2_groups": [[1, 10], [10, 20], [20, 30], [30, 40], [40, 50], [50, 60], [60, 70], [70, 80], [80, 100]]}