{"G1_valid_rates": [0.9604743083003953, 0.9583333333333334, 0.945, 0.8093333333333333, 0.616, 0.5399393326592518, 0.4231242312423124, 0.3161290322580645, 0.0], "G1_sp_rates": [0.9051383399209486, 0.8793333333333333, 0.7826666666666666, 0.5463333333333333, 0.30966666666666665, 0.1365015166835187, 0.03936039360393604, 0.03225806451612903, 0.0], "G1_groups": [[1, 10], [10, 20], [20, 30], [30, 40], [40, 50], [50, 60], [60, 70], [70, 80], [80, 100]], "G2_valid_rates": [0.9604743083003953, 0.9583333333333334, 0.945, 0.8093333333333333, 0.616, 0.5399393326592518, 0.4231242312423124, 0.3161290322580645, 0.0], "G2_sp_rates": [0.9051383399209486, 0.8793333333333333, 0.7826666666666666, 0.5463333333333333, 0.30966666666666665, 0.1365015166835187, 0.03936039360393604, 0.03225806451612903, 0.0], "G2_groups": [[1, 10], [10, 20], [20, 30], [30, 40], [40, 50], [50, 60], [60, 70], [70, 80], [80, 100]]}