{"G1_valid_rates": [0.9952569169960475, 0.984, 0.961, 0.8166666666666667, 0.6303333333333333, 0.5348837209302325, 0.36039360393603936, 0.2838709677419355, 0.2], "G1_sp_rates": [0.9660079051383399, 0.923, 0.8323333333333334, 0.5756666666666667, 0.3536666666666667, 0.16683518705763398, 0.05289052890528905, 0.025806451612903226, 0.0], "G1_groups": [[1, 10], [10, 20], [20, 30], [30, 40], [40, 50], [50, 60], [60, 70], [70, 80], [80, 100]], "G2_valid_rates": [0.9952569169960475, 0.984, 0.961, 0.8166666666666667, 0.6303333333333333, 0.5348837209302325, 0.36039360393603936, 0.2838709677419355, 0.2], "G2_sp_rates": [0.9660079051383399, 0.923, 0.8323333333333334, 0.5756666666666667, 0.3536666666666667, 0.16683518705763398, 0.05289052890528905, 0.025806451612903226, 0.0], "G2_groups": [[1, 10], [10, 20], [20, 30], [30, 40], [40, 50], [50, 60], [60, 70], [70, 80], [80, 100]]}