{"G1_valid_rates": [0.9739130434782609, 0.978, 0.94, 0.8003333333333333, 0.684, 0.6122345803842265, 0.45018450184501846, 0.4, 0.6], "G1_sp_rates": [0.9375494071146245, 0.9123333333333333, 0.8006666666666666, 0.569, 0.33866666666666667, 0.17593528816986856, 0.06765067650676507, 0.03870967741935484, 0.2], "G1_groups": [[1, 10], [10, 20], [20, 30], [30, 40], [40, 50], [50, 60], [60, 70], [70, 80], [80, 100]], "G2_valid_rates": [0.9739130434782609, 0.978, 0.94, 0.8003333333333333, 0.684, 0.6122345803842265, 0.45018450184501846, 0.4, 0.6], "G2_sp_rates": [0.9375494071146245, 0.9123333333333333, 0.8006666666666666, 0.569, 0.33866666666666667, 0.17593528816986856, 0.06765067650676507, 0.03870967741935484, 0.2], "G2_groups": [[1, 10], [10, 20], [20, 30], [30, 40], [40, 50], [50, 60], [60, 70], [70, 80], [80, 100]]}