{"G1_valid_rates": [0.9897233201581027, 0.9853333333333333, 0.969, 0.8923333333333333, 0.7816666666666666, 0.7639029322548029, 0.6654366543665436, 0.5419354838709678, 0.0], "G1_sp_rates": [0.9715415019762846, 0.944, 0.877, 0.678, 0.441, 0.25884732052578363, 0.11808118081180811, 0.07096774193548387, 0.0], "G1_groups": [[1, 10], [10, 20], [20, 30], [30, 40], [40, 50], [50, 60], [60, 70], [70, 80], [80, 100]], "G2_valid_rates": [0.9897233201581027, 0.9853333333333333, 0.969, 0.8923333333333333, 0.7816666666666666, 0.7639029322548029, 0.6654366543665436, 0.5419354838709678, 0.0], "G2_sp_rates": [0.9715415019762846, 0.944, 0.877, 0.678, 0.441, 0.25884732052578363, 0.11808118081180811, 0.07096774193548387, 0.0], "G2_groups": [[1, 10], [10, 20], [20, 30], [30, 40], [40, 50], [50, 60], [60, 70], [70, 80], [80, 100]]}