{"G1_valid_rates": [0.9873517786561264, 0.9826666666666667, 0.931, 0.7236666666666667, 0.497, 0.4352881698685541, 0.3936039360393604, 0.2967741935483871, 0.2], "G1_sp_rates": [0.9683794466403162, 0.931, 0.811, 0.5173333333333333, 0.257, 0.1122345803842265, 0.05412054120541206, 0.025806451612903226, 0.0], "G1_groups": [[1, 10], [10, 20], [20, 30], [30, 40], [40, 50], [50, 60], [60, 70], [70, 80], [80, 100]], "G2_valid_rates": [0.9873517786561264, 0.9826666666666667, 0.931, 0.7236666666666667, 0.497, 0.4352881698685541, 0.3936039360393604, 0.2967741935483871, 0.2], "G2_sp_rates": [0.9683794466403162, 0.931, 0.811, 0.5173333333333333, 0.257, 0.1122345803842265, 0.05412054120541206, 0.025806451612903226, 0.0], "G2_groups": [[1, 10], [10, 20], [20, 30], [30, 40], [40, 50], [50, 60], [60, 70], [70, 80], [80, 100]]}