{"G1_valid_rates": [0.9770750988142293, 0.98, 0.9553333333333334, 0.8086666666666666, 0.6333333333333333, 0.5490394337714863, 0.37023370233702335, 0.2903225806451613, 0.2], "G1_sp_rates": [0.9604743083003953, 0.9316666666666666, 0.8463333333333334, 0.5946666666666667, 0.3303333333333333, 0.15369059656218403, 0.041820418204182044, 0.03225806451612903, 0.0], "G1_groups": [[1, 10], [10, 20], [20, 30], [30, 40], [40, 50], [50, 60], [60, 70], [70, 80], [80, 100]], "G2_valid_rates": [0.9770750988142293, 0.98, 0.9553333333333334, 0.8086666666666666, 0.6333333333333333, 0.5490394337714863, 0.37023370233702335, 0.2903225806451613, 0.2], "G2_sp_rates": [0.9604743083003953, 0.9316666666666666, 0.8463333333333334, 0.5946666666666667, 0.3303333333333333, 0.15369059656218403, 0.041820418204182044, 0.03225806451612903, 0.0], "G2_groups": [[1, 10], [10, 20], [20, 30], [30, 40], [40, 50], [50, 60], [60, 70], [70, 80], [80, 100]]}