{"G1_valid_rates": [0.9849802371541502, 0.9823333333333333, 0.9606666666666667, 0.8556666666666667, 0.7083333333333334, 0.6481294236602629, 0.5584255842558425, 0.4129032258064516, 0.2], "G1_sp_rates": [0.9573122529644269, 0.9153333333333333, 0.833, 0.614, 0.37233333333333335, 0.17997977755308392, 0.06150061500615006, 0.04516129032258064, 0.0], "G1_groups": [[1, 10], [10, 20], [20, 30], [30, 40], [40, 50], [50, 60], [60, 70], [70, 80], [80, 100]], "G2_valid_rates": [0.9849802371541502, 0.9823333333333333, 0.9606666666666667, 0.8556666666666667, 0.7083333333333334, 0.6481294236602629, 0.5584255842558425, 0.4129032258064516, 0.2], "G2_sp_rates": [0.9573122529644269, 0.9153333333333333, 0.833, 0.614, 0.37233333333333335, 0.17997977755308392, 0.06150061500615006, 0.04516129032258064, 0.0], "G2_groups": [[1, 10], [10, 20], [20, 30], [30, 40], [40, 50], [50, 60], [60, 70], [70, 80], [80, 100]]}