{"G1_valid_rates": [0.9826086956521739, 0.9416666666666667, 0.8296666666666667, 0.7703333333333333, 0.7836666666666666, 0.8149646107178968, 0.8400984009840098, 0.8516129032258064, 1.0], "G1_sp_rates": [0.9391304347826087, 0.822, 0.6213333333333333, 0.4696666666666667, 0.44866666666666666, 0.391304347826087, 0.38253382533825336, 0.4258064516129032, 0.8], "G1_groups": [[1, 10], [10, 20], [20, 30], [30, 40], [40, 50], [50, 60], [60, 70], [70, 80], [80, 100]], "G2_valid_rates": [0.9826086956521739, 0.9416666666666667, 0.8296666666666667, 0.7703333333333333, 0.7836666666666666, 0.8149646107178968, 0.8400984009840098, 0.8516129032258064, 1.0], "G2_sp_rates": [0.9391304347826087, 0.822, 0.6213333333333333, 0.4696666666666667, 0.44866666666666666, 0.391304347826087, 0.38253382533825336, 0.4258064516129032, 0.8], "G2_groups": [[1, 10], [10, 20], [20, 30], [30, 40], [40, 50], [50, 60], [60, 70], [70, 80], [80, 100]]}