{"G1_valid_rates": [0.9873517786561264, 0.9823333333333333, 0.9693333333333334, 0.93, 0.87, 0.8670374115267947, 0.7921279212792128, 0.7161290322580646, 0.4], "G1_sp_rates": [0.9683794466403162, 0.9323333333333333, 0.8686666666666667, 0.7183333333333334, 0.5363333333333333, 0.34074823053589487, 0.22263222632226323, 0.16129032258064516, 0.0], "G1_groups": [[1, 10], [10, 20], [20, 30], [30, 40], [40, 50], [50, 60], [60, 70], [70, 80], [80, 100]], "G2_valid_rates": [0.9873517786561264, 0.9823333333333333, 0.9693333333333334, 0.93, 0.87, 0.8670374115267947, 0.7921279212792128, 0.7161290322580646, 0.4], "G2_sp_rates": [0.9683794466403162, 0.9323333333333333, 0.8686666666666667, 0.7183333333333334, 0.5363333333333333, 0.34074823053589487, 0.22263222632226323, 0.16129032258064516, 0.0], "G2_groups": [[1, 10], [10, 20], [20, 30], [30, 40], [40, 50], [50, 60], [60, 70], [70, 80], [80, 100]]}