{"G1_valid_rates": [0.9857707509881423, 0.9796666666666667, 0.9633333333333334, 0.8176666666666667, 0.6223333333333333, 0.5485338725985844, 0.37392373923739236, 0.2967741935483871, 0.2], "G1_sp_rates": [0.932806324110672, 0.896, 0.804, 0.567, 0.3363333333333333, 0.13953488372093023, 0.041820418204182044, 0.025806451612903226, 0.0], "G1_groups": [[1, 10], [10, 20], [20, 30], [30, 40], [40, 50], [50, 60], [60, 70], [70, 80], [80, 100]], "G2_valid_rates": [0.9857707509881423, 0.9796666666666667, 0.9633333333333334, 0.8176666666666667, 0.6223333333333333, 0.5485338725985844, 0.37392373923739236, 0.2967741935483871, 0.2], "G2_sp_rates": [0.932806324110672, 0.896, 0.804, 0.567, 0.3363333333333333, 0.13953488372093023, 0.041820418204182044, 0.025806451612903226, 0.0], "G2_groups": [[1, 10], [10, 20], [20, 30], [30, 40], [40, 50], [50, 60], [60, 70], [70, 80], [80, 100]]}