{"G1_valid_rates": [0.9905138339920949, 0.989, 0.9603333333333334, 0.8, 0.588, 0.5227502527805864, 0.3948339483394834, 0.2709677419354839, 0.0], "G1_sp_rates": [0.9754940711462451, 0.944, 0.852, 0.5796666666666667, 0.31166666666666665, 0.1385237613751264, 0.04797047970479705, 0.025806451612903226, 0.0], "G1_groups": [[1, 10], [10, 20], [20, 30], [30, 40], [40, 50], [50, 60], [60, 70], [70, 80], [80, 100]], "G2_valid_rates": [0.9905138339920949, 0.989, 0.9603333333333334, 0.8, 0.588, 0.5227502527805864, 0.3948339483394834, 0.2709677419354839, 0.0], "G2_sp_rates": [0.9754940711462451, 0.944, 0.852, 0.5796666666666667, 0.31166666666666665, 0.1385237613751264, 0.04797047970479705, 0.025806451612903226, 0.0], "G2_groups": [[1, 10], [10, 20], [20, 30], [30, 40], [40, 50], [50, 60], [60, 70], [70, 80], [80, 100]]}