{"G1_valid_rates": [0.9794466403162055, 0.9743333333333334, 0.9503333333333334, 0.8213333333333334, 0.626, 0.557633973710819, 0.43050430504305043, 0.34838709677419355, 0.4], "G1_sp_rates": [0.9438735177865613, 0.9126666666666666, 0.818, 0.5816666666666667, 0.342, 0.16430738119312438, 0.05412054120541206, 0.03225806451612903, 0.0], "G1_groups": [[1, 10], [10, 20], [20, 30], [30, 40], [40, 50], [50, 60], [60, 70], [70, 80], [80, 100]], "G2_valid_rates": [0.9794466403162055, 0.9743333333333334, 0.9503333333333334, 0.8213333333333334, 0.626, 0.557633973710819, 0.43050430504305043, 0.34838709677419355, 0.4], "G2_sp_rates": [0.9438735177865613, 0.9126666666666666, 0.818, 0.5816666666666667, 0.342, 0.16430738119312438, 0.05412054120541206, 0.03225806451612903, 0.0], "G2_groups": [[1, 10], [10, 20], [20, 30], [30, 40], [40, 50], [50, 60], [60, 70], [70, 80], [80, 100]]}