{"G1_valid_rates": [0.9960474308300395, 0.988, 0.9666666666666667, 0.8143333333333334, 0.6123333333333333, 0.5151668351870576, 0.3333333333333333, 0.2645161290322581, 0.2], "G1_sp_rates": [0.9810276679841897, 0.9443333333333334, 0.867, 0.6146666666666667, 0.353, 0.16582406471183014, 0.05289052890528905, 0.03225806451612903, 0.0], "G1_groups": [[1, 10], [10, 20], [20, 30], [30, 40], [40, 50], [50, 60], [60, 70], [70, 80], [80, 100]], "G2_valid_rates": [0.9960474308300395, 0.988, 0.9666666666666667, 0.8143333333333334, 0.6123333333333333, 0.5151668351870576, 0.3333333333333333, 0.2645161290322581, 0.2], "G2_sp_rates": [0.9810276679841897, 0.9443333333333334, 0.867, 0.6146666666666667, 0.353, 0.16582406471183014, 0.05289052890528905, 0.03225806451612903, 0.0], "G2_groups": [[1, 10], [10, 20], [20, 30], [30, 40], [40, 50], [50, 60], [60, 70], [70, 80], [80, 100]]}