{"G1_valid_rates": [0.7067193675889328, 0.7273333333333334, 0.6746666666666666, 0.5136666666666667, 0.29933333333333334, 0.21536905965621841, 0.1795817958179582, 0.18064516129032257, 0.4], "G1_sp_rates": [0.525691699604743, 0.529, 0.4093333333333333, 0.237, 0.085, 0.028311425682507583, 0.012300123001230012, 0.0064516129032258064, 0.0], "G1_groups": [[1, 10], [10, 20], [20, 30], [30, 40], [40, 50], [50, 60], [60, 70], [70, 80], [80, 100]], "G2_valid_rates": [0.7067193675889328, 0.7273333333333334, 0.6746666666666666, 0.5136666666666667, 0.29933333333333334, 0.21536905965621841, 0.1795817958179582, 0.18064516129032257, 0.4], "G2_sp_rates": [0.525691699604743, 0.529, 0.4093333333333333, 0.237, 0.085, 0.028311425682507583, 0.012300123001230012, 0.0064516129032258064, 0.0], "G2_groups": [[1, 10], [10, 20], [20, 30], [30, 40], [40, 50], [50, 60], [60, 70], [70, 80], [80, 100]]}