{"G1_valid_rates": [0.9818181818181818, 0.9756666666666667, 0.9453333333333334, 0.798, 0.6096666666666667, 0.5101112234580384, 0.36039360393603936, 0.27741935483870966, 0.0], "G1_sp_rates": [0.9367588932806324, 0.9063333333333333, 0.804, 0.547, 0.32, 0.14054600606673406, 0.03936039360393604, 0.0064516129032258064, 0.0], "G1_groups": [[1, 10], [10, 20], [20, 30], [30, 40], [40, 50], [50, 60], [60, 70], [70, 80], [80, 100]], "G2_valid_rates": [0.9818181818181818, 0.9756666666666667, 0.9453333333333334, 0.798, 0.6096666666666667, 0.5101112234580384, 0.36039360393603936, 0.27741935483870966, 0.0], "G2_sp_rates": [0.9367588932806324, 0.9063333333333333, 0.804, 0.547, 0.32, 0.14054600606673406, 0.03936039360393604, 0.0064516129032258064, 0.0], "G2_groups": [[1, 10], [10, 20], [20, 30], [30, 40], [40, 50], [50, 60], [60, 70], [70, 80], [80, 100]]}