{"G1_valid_rates": [0.9478260869565217, 0.951, 0.9023333333333333, 0.7453333333333333, 0.552, 0.4575328614762386, 0.3505535055350554, 0.24516129032258063, 0.2], "G1_sp_rates": [0.9351778656126483, 0.9046666666666666, 0.8006666666666666, 0.5306666666666666, 0.2906666666666667, 0.1172901921132457, 0.03075030750307503, 0.0064516129032258064, 0.0], "G1_groups": [[1, 10], [10, 20], [20, 30], [30, 40], [40, 50], [50, 60], [60, 70], [70, 80], [80, 100]], "G2_valid_rates": [0.9478260869565217, 0.951, 0.9023333333333333, 0.7453333333333333, 0.552, 0.4575328614762386, 0.3505535055350554, 0.24516129032258063, 0.2], "G2_sp_rates": [0.9351778656126483, 0.9046666666666666, 0.8006666666666666, 0.5306666666666666, 0.2906666666666667, 0.1172901921132457, 0.03075030750307503, 0.0064516129032258064, 0.0], "G2_groups": [[1, 10], [10, 20], [20, 30], [30, 40], [40, 50], [50, 60], [60, 70], [70, 80], [80, 100]]}