{"G1_valid_rates": [0.9826086956521739, 0.888, 0.722, 0.6763333333333333, 0.6736666666666666, 0.6825075834175935, 0.7318573185731857, 0.7225806451612903, 0.6], "G1_sp_rates": [0.916205533596838, 0.6966666666666667, 0.44, 0.2906666666666667, 0.23933333333333334, 0.17492416582406473, 0.13530135301353013, 0.10967741935483871, 0.2], "G1_groups": [[1, 10], [10, 20], [20, 30], [30, 40], [40, 50], [50, 60], [60, 70], [70, 80], [80, 100]], "G2_valid_rates": [0.9826086956521739, 0.888, 0.722, 0.6763333333333333, 0.6736666666666666, 0.6825075834175935, 0.7318573185731857, 0.7225806451612903, 0.6], "G2_sp_rates": [0.916205533596838, 0.6966666666666667, 0.44, 0.2906666666666667, 0.23933333333333334, 0.17492416582406473, 0.13530135301353013, 0.10967741935483871, 0.2], "G2_groups": [[1, 10], [10, 20], [20, 30], [30, 40], [40, 50], [50, 60], [60, 70], [70, 80], [80, 100]]}