{"G1_valid_rates": [0.9675889328063241, 0.9533333333333334, 0.928, 0.7773333333333333, 0.5773333333333334, 0.5040444893832153, 0.37023370233702335, 0.36129032258064514, 0.0], "G1_sp_rates": [0.8205533596837945, 0.8136666666666666, 0.7043333333333334, 0.4723333333333333, 0.2906666666666667, 0.12537917087967643, 0.04059040590405904, 0.03225806451612903, 0.0], "G1_groups": [[1, 10], [10, 20], [20, 30], [30, 40], [40, 50], [50, 60], [60, 70], [70, 80], [80, 100]], "G2_valid_rates": [0.9675889328063241, 0.9533333333333334, 0.928, 0.7773333333333333, 0.5773333333333334, 0.5040444893832153, 0.37023370233702335, 0.36129032258064514, 0.0], "G2_sp_rates": [0.8205533596837945, 0.8136666666666666, 0.7043333333333334, 0.4723333333333333, 0.2906666666666667, 0.12537917087967643, 0.04059040590405904, 0.03225806451612903, 0.0], "G2_groups": [[1, 10], [10, 20], [20, 30], [30, 40], [40, 50], [50, 60], [60, 70], [70, 80], [80, 100]]}