{"G1_valid_rates": [0.9683794466403162, 0.9676666666666667, 0.94, 0.794, 0.6236666666666667, 0.551567239635996, 0.45264452644526443, 0.3096774193548387, 0.0], "G1_sp_rates": [0.9264822134387352, 0.9133333333333333, 0.8293333333333334, 0.5823333333333334, 0.30366666666666664, 0.11627906976744186, 0.06027060270602706, 0.012903225806451613, 0.0], "G1_groups": [[1, 10], [10, 20], [20, 30], [30, 40], [40, 50], [50, 60], [60, 70], [70, 80], [80, 100]], "G2_valid_rates": [0.9683794466403162, 0.9676666666666667, 0.94, 0.794, 0.6236666666666667, 0.551567239635996, 0.45264452644526443, 0.3096774193548387, 0.0], "G2_sp_rates": [0.9264822134387352, 0.9133333333333333, 0.8293333333333334, 0.5823333333333334, 0.30366666666666664, 0.11627906976744186, 0.06027060270602706, 0.012903225806451613, 0.0], "G2_groups": [[1, 10], [10, 20], [20, 30], [30, 40], [40, 50], [50, 60], [60, 70], [70, 80], [80, 100]]}