{"G1_valid_rates": [0.6118577075098814, 0.6213333333333333, 0.5593333333333333, 0.44366666666666665, 0.3263333333333333, 0.3104145601617796, 0.3210332103321033, 0.2967741935483871, 0.6], "G1_sp_rates": [0.2466403162055336, 0.26866666666666666, 0.20466666666666666, 0.12, 0.06, 0.021739130434782608, 0.007380073800738007, 0.012903225806451613, 0.0], "G1_groups": [[1, 10], [10, 20], [20, 30], [30, 40], [40, 50], [50, 60], [60, 70], [70, 80], [80, 100]], "G2_valid_rates": [0.6118577075098814, 0.6213333333333333, 0.5593333333333333, 0.44366666666666665, 0.3263333333333333, 0.3104145601617796, 0.3210332103321033, 0.2967741935483871, 0.6], "G2_sp_rates": [0.2466403162055336, 0.26866666666666666, 0.20466666666666666, 0.12, 0.06, 0.021739130434782608, 0.007380073800738007, 0.012903225806451613, 0.0], "G2_groups": [[1, 10], [10, 20], [20, 30], [30, 40], [40, 50], [50, 60], [60, 70], [70, 80], [80, 100]]}