{"G1_valid_rates": [0.9897233201581027, 0.9856666666666667, 0.9693333333333334, 0.908, 0.8366666666666667, 0.8599595551061678, 0.7761377613776138, 0.7096774193548387, 0.2], "G1_sp_rates": [0.9715415019762846, 0.931, 0.8533333333333334, 0.692, 0.507, 0.35540950455005055, 0.25461254612546125, 0.2838709677419355, 0.2], "G1_groups": [[1, 10], [10, 20], [20, 30], [30, 40], [40, 50], [50, 60], [60, 70], [70, 80], [80, 100]], "G2_valid_rates": [0.9897233201581027, 0.9856666666666667, 0.9693333333333334, 0.908, 0.8366666666666667, 0.8599595551061678, 0.7761377613776138, 0.7096774193548387, 0.2], "G2_sp_rates": [0.9715415019762846, 0.931, 0.8533333333333334, 0.692, 0.507, 0.35540950455005055, 0.25461254612546125, 0.2838709677419355, 0.2], "G2_groups": [[1, 10], [10, 20], [20, 30], [30, 40], [40, 50], [50, 60], [60, 70], [70, 80], [80, 100]]}