{"G1_valid_rates": [0.9889328063241106, 0.9853333333333333, 0.9626666666666667, 0.8773333333333333, 0.7546666666666667, 0.7709807886754297, 0.7134071340713407, 0.7419354838709677, 0.4], "G1_sp_rates": [0.9715415019762846, 0.9316666666666666, 0.8503333333333334, 0.6533333333333333, 0.44266666666666665, 0.27957532861476236, 0.2029520295202952, 0.22580645161290322, 0.2], "G1_groups": [[1, 10], [10, 20], [20, 30], [30, 40], [40, 50], [50, 60], [60, 70], [70, 80], [80, 100]], "G2_valid_rates": [0.9889328063241106, 0.9853333333333333, 0.9626666666666667, 0.8773333333333333, 0.7546666666666667, 0.7709807886754297, 0.7134071340713407, 0.7419354838709677, 0.4], "G2_sp_rates": [0.9715415019762846, 0.9316666666666666, 0.8503333333333334, 0.6533333333333333, 0.44266666666666665, 0.27957532861476236, 0.2029520295202952, 0.22580645161290322, 0.2], "G2_groups": [[1, 10], [10, 20], [20, 30], [30, 40], [40, 50], [50, 60], [60, 70], [70, 80], [80, 100]]}