{"G1_valid_rates": [0.9841897233201581, 0.9296666666666666, 0.7973333333333333, 0.7346666666666667, 0.7593333333333333, 0.7714863498483316, 0.7515375153751538, 0.8193548387096774, 1.0], "G1_sp_rates": [0.9462450592885375, 0.799, 0.5473333333333333, 0.362, 0.31533333333333335, 0.22649140546006066, 0.16482164821648215, 0.08387096774193549, 0.2], "G1_groups": [[1, 10], [10, 20], [20, 30], [30, 40], [40, 50], [50, 60], [60, 70], [70, 80], [80, 100]], "G2_valid_rates": [0.9841897233201581, 0.9296666666666666, 0.7973333333333333, 0.7346666666666667, 0.7593333333333333, 0.7714863498483316, 0.7515375153751538, 0.8193548387096774, 1.0], "G2_sp_rates": [0.9462450592885375, 0.799, 0.5473333333333333, 0.362, 0.31533333333333335, 0.22649140546006066, 0.16482164821648215, 0.08387096774193549, 0.2], "G2_groups": [[1, 10], [10, 20], [20, 30], [30, 40], [40, 50], [50, 60], [60, 70], [70, 80], [80, 100]]}