{"G1_valid_rates": [0.9841897233201581, 0.979, 0.9543333333333334, 0.8436666666666667, 0.6783333333333333, 0.6076845298281092, 0.5116851168511685, 0.3935483870967742, 0.6], "G1_sp_rates": [0.9438735177865613, 0.9143333333333333, 0.815, 0.6086666666666667, 0.3883333333333333, 0.20525783619817997, 0.08856088560885608, 0.04516129032258064, 0.2], "G1_groups": [[1, 10], [10, 20], [20, 30], [30, 40], [40, 50], [50, 60], [60, 70], [70, 80], [80, 100]], "G2_valid_rates": [0.9841897233201581, 0.979, 0.9543333333333334, 0.8436666666666667, 0.6783333333333333, 0.6076845298281092, 0.5116851168511685, 0.3935483870967742, 0.6], "G2_sp_rates": [0.9438735177865613, 0.9143333333333333, 0.815, 0.6086666666666667, 0.3883333333333333, 0.20525783619817997, 0.08856088560885608, 0.04516129032258064, 0.2], "G2_groups": [[1, 10], [10, 20], [20, 30], [30, 40], [40, 50], [50, 60], [60, 70], [70, 80], [80, 100]]}