{"G1_valid_rates": [0.9612648221343874, 0.952, 0.932, 0.7876666666666666, 0.595, 0.5121334681496461, 0.4280442804428044, 0.3741935483870968, 0.0], "G1_sp_rates": [0.8648221343873518, 0.845, 0.7466666666666667, 0.5033333333333333, 0.3006666666666667, 0.141051567239636, 0.05412054120541206, 0.03225806451612903, 0.0], "G1_groups": [[1, 10], [10, 20], [20, 30], [30, 40], [40, 50], [50, 60], [60, 70], [70, 80], [80, 100]], "G2_valid_rates": [0.9612648221343874, 0.952, 0.932, 0.7876666666666666, 0.595, 0.5121334681496461, 0.4280442804428044, 0.3741935483870968, 0.0], "G2_sp_rates": [0.8648221343873518, 0.845, 0.7466666666666667, 0.5033333333333333, 0.3006666666666667, 0.141051567239636, 0.05412054120541206, 0.03225806451612903, 0.0], "G2_groups": [[1, 10], [10, 20], [20, 30], [30, 40], [40, 50], [50, 60], [60, 70], [70, 80], [80, 100]]}