{"G1_valid_rates": [0.9739130434782609, 0.9633333333333334, 0.9406666666666667, 0.8006666666666666, 0.6106666666666667, 0.5439838220424671, 0.45018450184501846, 0.34838709677419355, 0.0], "G1_sp_rates": [0.8727272727272727, 0.8583333333333333, 0.7596666666666667, 0.5196666666666667, 0.321, 0.1531850353892821, 0.06396063960639606, 0.06451612903225806, 0.0], "G1_groups": [[1, 10], [10, 20], [20, 30], [30, 40], [40, 50], [50, 60], [60, 70], [70, 80], [80, 100]], "G2_valid_rates": [0.9739130434782609, 0.9633333333333334, 0.9406666666666667, 0.8006666666666666, 0.6106666666666667, 0.5439838220424671, 0.45018450184501846, 0.34838709677419355, 0.0], "G2_sp_rates": [0.8727272727272727, 0.8583333333333333, 0.7596666666666667, 0.5196666666666667, 0.321, 0.1531850353892821, 0.06396063960639606, 0.06451612903225806, 0.0], "G2_groups": [[1, 10], [10, 20], [20, 30], [30, 40], [40, 50], [50, 60], [60, 70], [70, 80], [80, 100]]}