{"G1_valid_rates": [0.9984189723320158, 0.9863333333333333, 0.9656666666666667, 0.8233333333333334, 0.6276666666666667, 0.5364004044489383, 0.3714637146371464, 0.3032258064516129, 0.2], "G1_sp_rates": [0.9826086956521739, 0.9436666666666667, 0.872, 0.6243333333333333, 0.3626666666666667, 0.17138523761375127, 0.05166051660516605, 0.03870967741935484, 0.0], "G1_groups": [[1, 10], [10, 20], [20, 30], [30, 40], [40, 50], [50, 60], [60, 70], [70, 80], [80, 100]], "G2_valid_rates": [0.9984189723320158, 0.9863333333333333, 0.9656666666666667, 0.8233333333333334, 0.6276666666666667, 0.5364004044489383, 0.3714637146371464, 0.3032258064516129, 0.2], "G2_sp_rates": [0.9826086956521739, 0.9436666666666667, 0.872, 0.6243333333333333, 0.3626666666666667, 0.17138523761375127, 0.05166051660516605, 0.03870967741935484, 0.0], "G2_groups": [[1, 10], [10, 20], [20, 30], [30, 40], [40, 50], [50, 60], [60, 70], [70, 80], [80, 100]]}