{"G1_valid_rates": [0.9098814229249012, 0.9166666666666666, 0.8766666666666667, 0.7383333333333333, 0.565, 0.48483316481294236, 0.4132841328413284, 0.34838709677419355, 0.2], "G1_sp_rates": [0.8205533596837945, 0.8123333333333334, 0.71, 0.48433333333333334, 0.275, 0.12841253791708795, 0.038130381303813035, 0.01935483870967742, 0.0], "G1_groups": [[1, 10], [10, 20], [20, 30], [30, 40], [40, 50], [50, 60], [60, 70], [70, 80], [80, 100]], "G2_valid_rates": [0.9098814229249012, 0.9166666666666666, 0.8766666666666667, 0.7383333333333333, 0.565, 0.48483316481294236, 0.4132841328413284, 0.34838709677419355, 0.2], "G2_sp_rates": [0.8205533596837945, 0.8123333333333334, 0.71, 0.48433333333333334, 0.275, 0.12841253791708795, 0.038130381303813035, 0.01935483870967742, 0.0], "G2_groups": [[1, 10], [10, 20], [20, 30], [30, 40], [40, 50], [50, 60], [60, 70], [70, 80], [80, 100]]}