{"G1_valid_rates": [0.9897233201581027, 0.9856666666666667, 0.963, 0.8586666666666667, 0.7136666666666667, 0.71840242669363, 0.6445264452644527, 0.6, 0.0], "G1_sp_rates": [0.974703557312253, 0.9443333333333334, 0.8706666666666667, 0.662, 0.422, 0.26693629929221435, 0.15252152521525214, 0.13548387096774195, 0.0], "G1_groups": [[1, 10], [10, 20], [20, 30], [30, 40], [40, 50], [50, 60], [60, 70], [70, 80], [80, 100]], "G2_valid_rates": [0.9897233201581027, 0.9856666666666667, 0.963, 0.8586666666666667, 0.7136666666666667, 0.71840242669363, 0.6445264452644527, 0.6, 0.0], "G2_sp_rates": [0.974703557312253, 0.9443333333333334, 0.8706666666666667, 0.662, 0.422, 0.26693629929221435, 0.15252152521525214, 0.13548387096774195, 0.0], "G2_groups": [[1, 10], [10, 20], [20, 30], [30, 40], [40, 50], [50, 60], [60, 70], [70, 80], [80, 100]]}