{"G1_valid_rates": [0.8442687747035573, 0.8823333333333333, 0.813, 0.6673333333333333, 0.48133333333333334, 0.4155712841253792, 0.26691266912669126, 0.23225806451612904, 0.2], "G1_sp_rates": [0.7154150197628458, 0.772, 0.6496666666666666, 0.438, 0.23233333333333334, 0.11172901921132457, 0.04059040590405904, 0.01935483870967742, 0.0], "G1_groups": [[1, 10], [10, 20], [20, 30], [30, 40], [40, 50], [50, 60], [60, 70], [70, 80], [80, 100]], "G2_valid_rates": [0.8442687747035573, 0.8823333333333333, 0.813, 0.6673333333333333, 0.48133333333333334, 0.4155712841253792, 0.26691266912669126, 0.23225806451612904, 0.2], "G2_sp_rates": [0.7154150197628458, 0.772, 0.6496666666666666, 0.438, 0.23233333333333334, 0.11172901921132457, 0.04059040590405904, 0.01935483870967742, 0.0], "G2_groups": [[1, 10], [10, 20], [20, 30], [30, 40], [40, 50], [50, 60], [60, 70], [70, 80], [80, 100]]}