{"G1_valid_rates": [0.9920948616600791, 0.9866666666666667, 0.9676666666666667, 0.868, 0.7113333333333334, 0.6526794742163802, 0.5055350553505535, 0.36129032258064514, 0.2], "G1_sp_rates": [0.9731225296442688, 0.9456666666666667, 0.871, 0.6376666666666667, 0.379, 0.19919110212335692, 0.07011070110701106, 0.03225806451612903, 0.0], "G1_groups": [[1, 10], [10, 20], [20, 30], [30, 40], [40, 50], [50, 60], [60, 70], [70, 80], [80, 100]], "G2_valid_rates": [0.9920948616600791, 0.9866666666666667, 0.9676666666666667, 0.868, 0.7113333333333334, 0.6526794742163802, 0.5055350553505535, 0.36129032258064514, 0.2], "G2_sp_rates": [0.9731225296442688, 0.9456666666666667, 0.871, 0.6376666666666667, 0.379, 0.19919110212335692, 0.07011070110701106, 0.03225806451612903, 0.0], "G2_groups": [[1, 10], [10, 20], [20, 30], [30, 40], [40, 50], [50, 60], [60, 70], [70, 80], [80, 100]]}