{"G1_valid_rates": [0.9470355731225296, 0.9233333333333333, 0.832, 0.5936666666666667, 0.37433333333333335, 0.27199191102123355, 0.2140221402214022, 0.17419354838709677, 0.2], "G1_sp_rates": [0.8221343873517787, 0.76, 0.5896666666666667, 0.3233333333333333, 0.15266666666666667, 0.03842264914054601, 0.01107011070110701, 0.012903225806451613, 0.0], "G1_groups": [[1, 10], [10, 20], [20, 30], [30, 40], [40, 50], [50, 60], [60, 70], [70, 80], [80, 100]], "G2_valid_rates": [0.9470355731225296, 0.9233333333333333, 0.832, 0.5936666666666667, 0.37433333333333335, 0.27199191102123355, 0.2140221402214022, 0.17419354838709677, 0.2], "G2_sp_rates": [0.8221343873517787, 0.76, 0.5896666666666667, 0.3233333333333333, 0.15266666666666667, 0.03842264914054601, 0.01107011070110701, 0.012903225806451613, 0.0], "G2_groups": [[1, 10], [10, 20], [20, 30], [30, 40], [40, 50], [50, 60], [60, 70], [70, 80], [80, 100]]}