{"G1_valid_rates": [0.9683794466403162, 0.9603333333333334, 0.934, 0.828, 0.6633333333333333, 0.609201213346815, 0.4710947109471095, 0.3419354838709677, 0.2], "G1_sp_rates": [0.9154150197628459, 0.8773333333333333, 0.7896666666666666, 0.574, 0.355, 0.17745197168857432, 0.06150061500615006, 0.03225806451612903, 0.0], "G1_groups": [[1, 10], [10, 20], [20, 30], [30, 40], [40, 50], [50, 60], [60, 70], [70, 80], [80, 100]], "G2_valid_rates": [0.9683794466403162, 0.9603333333333334, 0.934, 0.828, 0.6633333333333333, 0.609201213346815, 0.4710947109471095, 0.3419354838709677, 0.2], "G2_sp_rates": [0.9154150197628459, 0.8773333333333333, 0.7896666666666666, 0.574, 0.355, 0.17745197168857432, 0.06150061500615006, 0.03225806451612903, 0.0], "G2_groups": [[1, 10], [10, 20], [20, 30], [30, 40], [40, 50], [50, 60], [60, 70], [70, 80], [80, 100]]}